3d_printing_service;[services_and_business,printing_service,3d_printing_service]
abortion_clinic;[health_care,specialized_medical_facility,abortion_clinic]
abrasives_supplier;[services_and_business,b2b_service,supplier_or_distributor,abrasives_supplier]
abuse_and_addiction_treatment_center;[health_care,specialized_medical_facility,abuse_and_addiction_treatment_center]
academic_bookstore;[shopping,specialty_store,books_music_and_video_store,bookstore,academic_bookstore]
academy;[education,place_of_learning,academy]
acai_bowls;[food_and_drink,restaurant,special_diet_restaurant,acai_bowls]
accommodation;[accommodation]
accountant;[services_and_business,financial_service,accountant]
acne_treatment;[lifestyle_services,personal_or_beauty_service,acne_treatment]
acoustical_consultant;[services_and_business,technical_service,acoustical_consultant]
active_life;[active_life]
acupuncture;[health_care,outpatient_care_facility,complementary_and_alternative_medicine,acupuncture]
addiction_rehabilitation_center;[health_care,outpatient_care_facility,physical_medicine_and_rehabilitation,rehabilitation_center,addiction_rehabilitation_center]
adoption_service;[services_and_business,family_service,adoption_service]
adoption_services;[professional_services,adoption_services]
adult_education_center;[education,place_of_learning,adult_education_center]
adult_entertainment;[arts_and_entertainment,adult_entertainment]
adult_entertainment_venue;[arts_and_entertainment,nightlife_venue,adult_entertainment_venue]
adult_store;[shopping,specialty_store,adult_store]
adventist_place_of_worship;[cultural_and_historic,place_of_worship,christian_place_of_worship,protestant_place_of_worship,adventist_place_of_worship]
adventure_sport;[sports_and_recreation,sport_or_fitness_facility,adventure_sport]
adventure_sports_center;[sports_and_recreation,sport_or_fitness_facility,adventure_sports_center]
advertising_agency;[services_and_business,professional_service,advertising_agency]
aerial_fitness_center;[sports_and_recreation,sport_or_fitness_facility,fitness_studio,aerial_fitness_center]
aerial_tour;[travel_and_transportation,travel_service,tour_operator,aerial_tour]
aerial_tours;[travel,tours,aerial_tours]
aesthetic_medicine;[health_care,outpatient_care_facility,specialized_health_care,medical_skin_care,aesthetic_medicine]
afghan_restaurant;[eat_and_drink,restaurant,afghan_restaurant]
afghani_restaurant;[food_and_drink,restaurant,asian_restaurant,central_asian_restaurant,afghani_restaurant]
african_restaurant;[food_and_drink,restaurant,african_restaurant]
after_school_program;[education,educational_service,after_school_program]
aggregate_supplier;[services_and_business,b2b_service,supplier_or_distributor,aggregate_supplier]
agricultural_cooperative;[services_and_business,b2b_service,b2b_agriculture_service,agricultural_cooperative]
agricultural_cooperatives;[business_to_business,b2b_agriculture_and_food,agricultural_cooperatives]
agricultural_engineering_service;[business_to_business,b2b_agriculture_and_food,agricultural_engineering_service]
agricultural_seed_store;[shopping,specialty_store,farming_equipment_and_supply_store,agricultural_seed_store]
agricultural_service;[services_and_business,agricultural_service]
agriculture;[services_and_business,b2b_service,b2b_agriculture_service,agriculture]
agriculture_association;[services_and_business,agricultural_service,agriculture_association]
agritourism;[travel_and_transportation,travel_service,agritourism]
agriturismo;[travel,agriturismo]
air_duct_cleaning_service;[services_and_business,home_service,air_duct_cleaning_service]
air_transport_facility_or_service;[travel_and_transportation,air_transport_facility_or_service]
aircraft_dealer;[shopping,vehicle_dealer,aircraft_dealer]
aircraft_manufacturer;[services_and_business,b2b_service,manufacturer,vehicle_manufacturer,aircraft_manufacturer]
aircraft_parts_and_supplies;[travel_and_transportation,air_transport_facility_or_service,aircraft_parts_and_supplies]
aircraft_service;[travel_and_transportation,vehicle_service,aircraft_service]
airline;[travel_and_transportation,air_transport_facility_or_service,airline]
airline_ticket_agency;[travel_and_transportation,air_transport_facility_or_service,airline_ticket_agency]
airlines;[travel,transportation,airlines]
airport;[travel_and_transportation,air_transport_facility_or_service,airport]
airport_lounge;[food_and_drink,alcoholic_beverage_venue,lounge,airport_lounge]
airport_shuttle;[travel_and_transportation,air_transport_facility_or_service,airport_shuttle]
airport_shuttles;[travel,transportation,airport_shuttles]
airport_terminal;[travel_and_transportation,air_transport_facility_or_service,airport,airport_terminal]
airsoft_field;[sports_and_recreation,sport_or_fitness_facility,sport_field,airsoft_field]
airsoft_fields;[active_life,sports_and_recreation_venue,airsoft_fields]
alcohol_and_drug_treatment_center;[health_care,specialized_medical_facility,abuse_and_addiction_treatment_center,alcohol_and_drug_treatment_center]
alcohol_and_drug_treatment_centers;[health_and_medical,abuse_and_addiction_treatment,alcohol_and_drug_treatment_centers]
alcoholic_beverage_venue;[food_and_drink,alcoholic_beverage_venue]
algerian_restaurant;[food_and_drink,restaurant,african_restaurant,north_african_restaurant,algerian_restaurant]
allergy_and_immunology;[health_care,outpatient_care_facility,specialized_health_care,internal_medicine,allergy_and_immunology]
altering_and_remodeling_contractor;[services_and_business,home_service,contractor,altering_and_remodeling_contractor]
aluminum_supplier;[services_and_business,b2b_service,supplier_or_distributor,aluminum_supplier]
amateur_sport_league;[sports_and_recreation,sport_league,amateur_sport_league]
amateur_sport_team;[sports_and_recreation,sport_team,amateur_sport_team]
ambulance_and_ems_services;[health_and_medical,ambulance_and_ems_services]
ambulance_or_ems_service;[health_care,emergency_or_urgent_care_facility,ambulance_or_ems_service]
american_football_field;[sports_and_recreation,sport_or_fitness_facility,sport_field,american_football_field]
american_restaurant;[food_and_drink,restaurant,north_american_restaurant,american_restaurant]
amphitheater;[arts_and_entertainment,performing_arts_venue,amphitheater]
amusement_attraction;[arts_and_entertainment,amusement_attraction]
amusement_park;[arts_and_entertainment,amusement_attraction,amusement_park]
anabaptist_place_of_worship;[cultural_and_historic,place_of_worship,christian_place_of_worship,protestant_place_of_worship,anabaptist_place_of_worship]
anesthesiology;[health_care,outpatient_care_facility,specialized_health_care,pain_management,anesthesiology]
anglican_church;[religious_organization,church_cathedral,anglican_church]
anglican_or_episcopal_place_of_worship;[cultural_and_historic,place_of_worship,christian_place_of_worship,protestant_place_of_worship,anglican_or_episcopal_place_of_worship]
animal_adoption_or_rescue;[lifestyle_services,animal_or_pet_service,animal_adoption_or_rescue]
animal_and_pet_store;[shopping,specialty_store,animal_and_pet_store]
animal_assisted_therapy;[health_care,outpatient_care_facility,physical_medicine_and_rehabilitation,animal_assisted_therapy]
animal_attraction;[arts_and_entertainment,animal_attraction]
animal_cafe;[food_and_drink,casual_eatery,cafe,animal_cafe]
animal_hospital;[lifestyle_services,animal_or_pet_service,veterinary_care,animal_hospital]
animal_or_pet_service;[lifestyle_services,animal_or_pet_service]
animal_physical_therapy;[lifestyle_services,animal_or_pet_service,veterinary_care,animal_physical_therapy]
animal_rescue_service;[lifestyle_services,animal_or_pet_service,animal_adoption_or_rescue,animal_rescue_service]
animal_shelter;[lifestyle_services,animal_or_pet_service,animal_adoption_or_rescue,animal_shelter]
animation_studio;[services_and_business,media_service,media_news_company,animation_studio]
antenna_service;[services_and_business,home_service,antenna_service]
antiochan_orthodox_place_of_worship;[cultural_and_historic,place_of_worship,christian_place_of_worship,eastern_orthodox_place_of_worship,antiochan_orthodox_place_of_worship]
antique_store;[shopping,second_hand_store,antique_store]
apartment;[services_and_business,housing_or_property_service,apartment]
apartment_agent;[services_and_business,real_estate_service,real_estate_agent,apartment_agent]
apartments;[real_estate,apartments]
apiaries_and_beekeepers;[business_to_business,b2b_agriculture_and_food,apiaries_and_beekeepers]
apiary_beekeeper;[services_and_business,b2b_service,b2b_agriculture_service,apiary_beekeeper]
apparel_manufacturer;[services_and_business,b2b_service,manufacturer,apparel_manufacturer]
appellate_practice_lawyer;[services_and_business,legal_service,attorney_or_law_firm,appellate_practice_lawyer]
appellate_practice_lawyers;[professional_services,lawyer,appellate_practice_lawyers]
appliance_manufacturer;[services_and_business,b2b_service,manufacturer,appliance_manufacturer]
appliance_repair_service;[services_and_business,home_service,appliance_repair_service]
appliance_store;[shopping,specialty_store,hardware_home_and_garden_store,appliance_store]
appraisal_service;[services_and_business,financial_service,appraisal_service]
appraisal_services;[professional_services,appraisal_services]
aquarium;[arts_and_entertainment,animal_attraction,aquarium]
aquarium_service;[lifestyle_services,animal_or_pet_service,pet_care_service,aquarium_service]
aquarium_services;[pets,pet_services,aquarium_services]
aquatic_pet_store;[shopping,specialty_store,animal_and_pet_store,pet_store,aquatic_pet_store]
arabian_restaurant;[food_and_drink,restaurant,middle_eastern_restaurant,arabian_restaurant]
arcade;[arts_and_entertainment,gaming_venue,arcade]
archaeological_service;[education,educational_service,archaeological_service]
archaeological_services;[education,educational_services,archaeological_services]
archery_range;[sports_and_recreation,sport_or_fitness_facility,shooting_range,archery_range]
archery_shop;[retail,shopping,sporting_goods,archery_shop]
archery_store;[shopping,specialty_store,sporting_goods_store,archery_store]
architect;[services_and_business,design_service,architect]
architectural_designer;[services_and_business,design_service,architectural_designer]
architectural_tour;[travel_and_transportation,travel_service,tour_operator,architectural_tour]
architectural_tours;[travel,tours,architectural_tours]
architecture;[attractions_and_activities,architecture]
architecture_school;[education,place_of_learning,college_university,architecture_school]
architecture_schools;[education,college_university,architecture_schools]
arena;[arts_and_entertainment,stadium_arena,arena]
argentine_restaurant;[food_and_drink,restaurant,latin_american_restaurant,south_american_restaurant,argentine_restaurant]
armenian_apostolic_place_of_worship;[cultural_and_historic,place_of_worship,christian_place_of_worship,oriental_orthodox_place_of_worship,armenian_apostolic_place_of_worship]
armenian_restaurant;[food_and_drink,restaurant,middle_eastern_restaurant,armenian_restaurant]
army_and_navy_store;[shopping,specialty_store,tactical_supply_store,army_and_navy_store]
aromatherapy;[health_care,outpatient_care_facility,complementary_and_alternative_medicine,aromatherapy]
art_gallery;[arts_and_entertainment,arts_and_crafts_space,art_gallery]
art_museum;[arts_and_entertainment,museum,art_museum]
art_restoration;[mass_media,media_restoration_service,art_restoration]
art_restoration_service;[services_and_business,media_service,art_restoration_service]
art_school;[education,place_of_learning,specialty_school,art_school]
art_space_rental;[services_and_business,rental_service,art_space_rental]
art_supply_store;[shopping,specialty_store,arts_crafts_and_hobby_store,art_supply_store]
art_therapy;[health_care,outpatient_care_facility,behavioral_or_mental_health_clinic,psychiatry_or_psychology_service,psychotherapy,art_therapy]
art_tour;[travel_and_transportation,travel_service,tour_operator,art_tour]
art_tours;[travel,tours,art_tours]
artificial_turf;[services_and_business,home_service,artificial_turf]
artist_studio;[arts_and_entertainment,arts_and_crafts_space,artist_studio]
arts_and_crafts;[retail,shopping,arts_and_crafts]
arts_and_crafts_space;[arts_and_entertainment,arts_and_crafts_space]
arts_and_entertainment;[arts_and_entertainment]
arts_crafts_and_hobby_store;[shopping,specialty_store,arts_crafts_and_hobby_store]
asian_art_museum;[arts_and_entertainment,museum,art_museum,asian_art_museum]
asian_fusion_restaurant;[food_and_drink,restaurant,international_fusion_restaurant,asian_fusion_restaurant]
asian_grocery_store;[shopping,food_and_beverage_store,grocery_store,asian_grocery_store]
asian_restaurant;[food_and_drink,restaurant,asian_restaurant]
assisted_living_facility;[services_and_business,housing_or_property_service,senior_living_facility,assisted_living_facility]
astrologer;[arts_and_entertainment,supernatural_reading,astrologer]
astrological_advising;[arts_and_entertainment,spiritual_advising,astrological_advising]
atelier;[shopping,specialty_store,arts_crafts_and_hobby_store,atelier]
atm;[services_and_business,financial_service,atm]
atms;[financial_service,atms]
attorney_or_law_firm;[services_and_business,legal_service,attorney_or_law_firm]
attraction_farm;[arts_and_entertainment,rural_attraction,attraction_farm]
attractions_and_activities;[attractions_and_activities]
atv_recreation_park;[sports_and_recreation,sport_or_fitness_facility,atv_recreation_park]
atv_rental_tour;[sports_and_recreation,recreational_equipment_rental,atv_rental_tour]
atv_rentals_and_tours;[attractions_and_activities,atv_rentals_and_tours]
auction_house;[shopping,specialty_store,auction_house]
audio_visual_equipment_store;[shopping,specialty_store,electronics_store,audio_visual_equipment_store]
audiology;[health_care,outpatient_care_facility,specialized_health_care,ear_nose_and_throat,audiology]
audiovisual_equipment_rental;[services_and_business,event_or_party_service,audiovisual_equipment_rental]
auditorium;[arts_and_entertainment,event_venue,auditorium]
australian_restaurant;[food_and_drink,restaurant,pacific_rim_restaurant,australian_restaurant]
austrian_restaurant;[food_and_drink,restaurant,european_restaurant,central_european_restaurant,austrian_restaurant]
auto_body_shop;[travel_and_transportation,vehicle_service,automotive_service,auto_body_shop]
auto_broker;[shopping,vehicle_dealer,auto_dealer,auto_broker]
auto_company;[services_and_business,corporate_or_business_office,auto_company]
auto_customization;[travel_and_transportation,vehicle_service,automotive_service,auto_customization]
auto_dealer;[shopping,vehicle_dealer,auto_dealer]
auto_detailing;[travel_and_transportation,vehicle_service,automotive_service,auto_detailing]
auto_electrical_repair;[travel_and_transportation,vehicle_service,automotive_service,automotive_repair,auto_electrical_repair]
auto_glass_service;[travel_and_transportation,vehicle_service,automotive_service,auto_glass_service]
auto_insurance;[services_and_business,financial_service,insurance_agency,auto_insurance]
auto_leasing;[shopping,vehicle_dealer,auto_dealer,auto_leasing]
auto_loan_provider;[services_and_business,financial_service,installment_loans,auto_loan_provider]
auto_manufacturer;[services_and_business,b2b_service,manufacturer,vehicle_manufacturer,auto_manufacturer]
auto_manufacturers_and_distributors;[business_to_business,business_manufacturing_and_supply,b2b_autos_and_vehicles,auto_manufacturers_and_distributors]
auto_parts_and_supply_store;[retail,auto_parts_and_supply_store]
auto_parts_store;[shopping,specialty_store,vehicle_parts_store,auto_parts_store]
auto_restoration_service;[travel_and_transportation,vehicle_service,automotive_service,auto_restoration_service]
auto_restoration_services;[automotive,automotive_services_and_repair,auto_restoration_services]
auto_security;[travel_and_transportation,vehicle_service,automotive_service,auto_security]
auto_upholstery;[travel_and_transportation,vehicle_service,automotive_service,auto_upholstery]
automation_service;[services_and_business,b2b_service,b2b_industrial_and_machine_service,automation_service]
automation_services;[business_to_business,commercial_industrial,automation_services]
automobile_registration_service;[travel_and_transportation,vehicle_service,automotive_service,automobile_registration_service]
automotive_consultant;[travel_and_transportation,vehicle_service,automotive_service,automotive_consultant]
automotive_dealer;[automotive,automotive_dealer]
automotive_repair;[travel_and_transportation,vehicle_service,automotive_service,automotive_repair]
automotive_service;[travel_and_transportation,vehicle_service,automotive_service]
automotive_storage_facility;[services_and_business,storage_facility,automotive_storage_facility]
automotive_wheel_polishing_service;[travel_and_transportation,vehicle_service,automotive_service,automotive_wheel_polishing_service]
aviation_museum;[arts_and_entertainment,museum,aviation_museum]
avionics_shop;[travel_and_transportation,air_transport_facility_or_service,aircraft_parts_and_supplies,avionics_shop]
awning_supplier;[services_and_business,b2b_service,supplier_or_distributor,awning_supplier]
axe_throwing;[sports_and_recreation,sport_or_fitness_facility,adventure_sport,axe_throwing]
ayurveda;[health_care,outpatient_care_facility,complementary_and_alternative_medicine,ayurveda]
azerbaijani_restaurant;[food_and_drink,restaurant,middle_eastern_restaurant,azerbaijani_restaurant]
b2b_advertising_and_marketing_service;[services_and_business,b2b_service,b2b_office_and_professional_service,b2b_advertising_and_marketing_service]
b2b_agricultural_service;[services_and_business,b2b_service,b2b_agriculture_service]
b2b_audio_visual_production;[services_and_business,b2b_service,b2b_media_service,b2b_audio_visual_production]
b2b_background_check_service;[services_and_business,b2b_service,b2b_office_and_professional_service,b2b_background_check_service]
b2b_business_management_service;[services_and_business,b2b_service,b2b_office_and_professional_service,b2b_business_management_service]
b2b_cleaning_and_waste_management;[services_and_business,b2b_service,b2b_environmental_service,b2b_cleaning_and_waste_management]
b2b_clinical_lab;[services_and_business,b2b_service,b2b_medical_support_service,b2b_clinical_lab]
b2b_coal_and_coke;[services_and_business,b2b_service,b2b_energy_and_utility_service,b2b_mining,b2b_coal_and_coke]
b2b_dairies;[business_to_business,b2b_agriculture_and_food,b2b_dairies]
b2b_dairy;[services_and_business,b2b_service,b2b_agriculture_service,b2b_dairy]
b2b_dental_lab;[services_and_business,b2b_service,b2b_medical_support_service,b2b_dental_lab]
b2b_direct_mail_advertising;[services_and_business,b2b_service,b2b_office_and_professional_service,b2b_advertising_and_marketing_service,b2b_direct_mail_advertising]
b2b_domestic_trade_service;[services_and_business,b2b_service,b2b_office_and_professional_service,b2b_domestic_trade_service]
b2b_electronic_equipment;[business_to_business,business_manufacturing_and_supply,b2b_electronic_equipment]
b2b_energy_and_utility_service;[services_and_business,b2b_service,b2b_energy_and_utility_service]
b2b_energy_mining;[business_to_business,b2b_energy_and_mining]
b2b_environmental_service;[services_and_business,b2b_service,b2b_environmental_service]
b2b_equipment_maintenance_and_repair;[services_and_business,b2b_service,b2b_industrial_and_machine_service,b2b_equipment_maintenance_and_repair]
b2b_executive_search_consultants;[services_and_business,b2b_service,b2b_office_and_professional_service,b2b_business_management_service,b2b_executive_search_consultants]
b2b_farm;[services_and_business,b2b_service,b2b_agriculture_service,b2b_farming,b2b_farm]
b2b_farming;[services_and_business,b2b_service,b2b_agriculture_service,b2b_farming]
b2b_farms;[business_to_business,b2b_agriculture_and_food,b2b_farming,b2b_farms]
b2b_food_products;[services_and_business,b2b_service,b2b_agriculture_service,b2b_food_products]
b2b_forklift_dealers;[business_to_business,business_storage_and_transportation,trucks_and_industrial_vehicles,b2b_forklift_dealers]
b2b_hospital_equipment_and_supplies;[services_and_business,b2b_service,b2b_medical_support_service,b2b_hospital_equipment_and_supplies]
b2b_human_resource_service;[services_and_business,b2b_service,b2b_office_and_professional_service,b2b_human_resource_service]
b2b_industrial_and_machine_service;[services_and_business,b2b_service,b2b_industrial_and_machine_service]
b2b_international_trade_service;[services_and_business,b2b_service,b2b_office_and_professional_service,b2b_international_trade_service]
b2b_jewelers;[business_to_business,business_manufacturing_and_supply,b2b_jewelers]
b2b_marketing_consultant;[services_and_business,b2b_service,b2b_office_and_professional_service,b2b_advertising_and_marketing_service,b2b_marketing_consultant]
b2b_media_service;[services_and_business,b2b_service,b2b_media_service]
b2b_medical_support_service;[services_and_business,b2b_service,b2b_medical_support_service]
b2b_medical_support_services;[business_to_business,b2b_medical_support_services]
b2b_mining;[services_and_business,b2b_service,b2b_energy_and_utility_service,b2b_mining]
b2b_newspaper_advertising;[services_and_business,b2b_service,b2b_office_and_professional_service,b2b_advertising_and_marketing_service,b2b_newspaper_advertising]
b2b_office_and_professional_service;[services_and_business,b2b_service,b2b_office_and_professional_service]
b2b_oil_and_gas;[services_and_business,b2b_service,b2b_energy_and_utility_service,b2b_oil_and_gas]
b2b_oil_and_gas_equipment;[services_and_business,b2b_service,b2b_energy_and_utility_service,b2b_oil_and_gas,b2b_oil_and_gas_equipment]
b2b_oil_and_gas_exploration_and_development;[services_and_business,b2b_service,b2b_energy_and_utility_service,b2b_oil_and_gas,b2b_oil_and_gas_exploration_and_development]
b2b_oil_and_gas_extraction;[services_and_business,b2b_service,b2b_energy_and_utility_service,b2b_oil_and_gas,b2b_oil_and_gas_extraction]
b2b_oil_and_gas_extraction_and_services;[business_to_business,b2b_energy_and_mining,oil_and_gas,b2b_oil_and_gas_extraction_and_services]
b2b_oil_refinery;[services_and_business,b2b_service,b2b_energy_and_utility_service,b2b_oil_and_gas,b2b_oil_refinery]
b2b_outdoor_advertising;[services_and_business,b2b_service,b2b_office_and_professional_service,b2b_advertising_and_marketing_service,b2b_outdoor_advertising]
b2b_power_plants_and_power_plant_service;[services_and_business,b2b_service,b2b_energy_and_utility_service,b2b_power_plants_and_power_plant_service]
b2b_promotional_products_and_services;[services_and_business,b2b_service,b2b_office_and_professional_service,b2b_advertising_and_marketing_service,b2b_promotional_products_and_services]
b2b_publicity_service;[services_and_business,b2b_service,b2b_office_and_professional_service,b2b_advertising_and_marketing_service,b2b_publicity_service]
b2b_quarry;[services_and_business,b2b_service,b2b_energy_and_utility_service,b2b_mining,b2b_quarry]
b2b_radio_and_television_commercials;[services_and_business,b2b_service,b2b_office_and_professional_service,b2b_advertising_and_marketing_service,b2b_radio_and_television_commercials]
b2b_records_storage_service;[services_and_business,b2b_service,b2b_office_and_professional_service,b2b_records_storage_service]
b2b_science_and_technology_service;[services_and_business,b2b_service,b2b_science_and_technology_service]
b2b_scientific_equipment;[services_and_business,b2b_service,b2b_science_and_technology_service,b2b_scientific_equipment]
b2b_scientific_lab;[services_and_business,b2b_service,b2b_science_and_technology_service,b2b_scientific_lab]
b2b_secretarial_service;[services_and_business,b2b_service,b2b_office_and_professional_service,b2b_business_management_service,b2b_secretarial_service]
b2b_service;[services_and_business,b2b_service]
b2b_signage_service;[services_and_business,b2b_service,b2b_office_and_professional_service,b2b_advertising_and_marketing_service,b2b_signage_service]
b2b_storage;[services_and_business,b2b_service,b2b_transportation_and_storage_service,b2b_storage]
b2b_storage_and_warehouses;[business_to_business,business_storage_and_transportation,b2b_storage_and_warehouses]
b2b_surgical_appliances_and_supplies;[services_and_business,b2b_service,b2b_medical_support_service,b2b_surgical_appliances_and_supplies]
b2b_telecommunications_service;[services_and_business,b2b_service,b2b_telecommunications_service]
b2b_telemarketing_service;[services_and_business,b2b_service,b2b_office_and_professional_service,b2b_advertising_and_marketing_service,b2b_telemarketing_service]
b2b_tractor_dealers;[business_to_business,business_storage_and_transportation,trucks_and_industrial_vehicles,b2b_tractor_dealers]
b2b_transportation_and_storage_service;[services_and_business,b2b_service,b2b_transportation_and_storage_service]
b2b_truck_equipment_parts_and_accessories;[business_to_business,business_storage_and_transportation,trucks_and_industrial_vehicles,b2b_truck_equipment_parts_and_accessories]
b2b_water_treatment_service;[services_and_business,b2b_service,b2b_environmental_service,b2b_water_treatment_service]
baby_gear_and_furniture;[retail,shopping,baby_gear_and_furniture]
baby_gear_and_nursery_store;[shopping,fashion_and_apparel_store,baby_gear_and_nursery_store]
back_shop;[retail,food,back_shop]
backflow_service;[services_and_business,home_service,plumbing,backflow_service]
backflow_services;[home_service,plumbing,backflow_services]
background_check_services;[business_to_business,business_to_business_services,human_resource_services,background_check_services]
backpacking_area;[sports_and_recreation,recreational_trail_or_path,backpacking_area]
badminton_court;[sports_and_recreation,sport_or_fitness_facility,sport_court,badminton_court]
bagel_restaurant;[eat_and_drink,restaurant,breakfast_and_brunch_restaurant,bagel_restaurant]
bagel_shop;[food_and_drink,casual_eatery,bagel_shop]
bags_luggage_company;[services_and_business,corporate_or_business_office,bags_luggage_company]
baguette_shop;[food_and_drink,casual_eatery,bakery,baguette_shop]
baguettes;[eat_and_drink,restaurant,breakfast_and_brunch_restaurant,baguettes]
bail_bonds_service;[services_and_business,legal_service,bail_bonds_service]
bakery;[food_and_drink,casual_eatery,bakery]
balloon_port;[travel_and_transportation,air_transport_facility_or_service,airport,balloon_port]
balloon_ports;[travel,airport,balloon_ports]
balloon_service;[services_and_business,event_or_party_service,balloon_service]
balloon_services;[professional_services,event_planning,balloon_services]
band_orchestra_symphony;[arts_and_entertainment,performing_arts_venue,music_venue,band_orchestra_symphony]
bangladeshi_restaurant;[food_and_drink,restaurant,asian_restaurant,south_asian_restaurant,bangladeshi_restaurant]
bank;[services_and_business,financial_service,bank_or_credit_union,bank]
bank_equipment_service;[services_and_business,professional_service,bank_equipment_service]
bank_or_credit_union;[services_and_business,financial_service,bank_or_credit_union]
bankruptcy_law;[services_and_business,legal_service,attorney_or_law_firm,bankruptcy_law]
banks;[financial_service,bank_credit_union,banks]
baozi_restaurant;[food_and_drink,restaurant,asian_restaurant,east_asian_restaurant,chinese_restaurant,baozi_restaurant]
baptist_church;[religious_organization,church_cathedral,baptist_church]
baptist_place_of_worship;[cultural_and_historic,place_of_worship,christian_place_of_worship,protestant_place_of_worship,baptist_place_of_worship]
bar;[food_and_drink,alcoholic_beverage_venue,bar]
bar_and_grill_restaurant;[food_and_drink,restaurant,bar_and_grill_restaurant]
bar_crawl;[arts_and_entertainment,nightlife_venue,bar_crawl]
bar_tabac;[food_and_drink,alcoholic_beverage_venue,bar,bar_tabac]
barbecue_restaurant;[food_and_drink,restaurant,meat_restaurant,barbecue_restaurant]
barber;[lifestyle_services,personal_or_beauty_service,barber]
barre_class;[sports_and_recreation,sport_or_fitness_facility,fitness_studio,barre_class]
barre_classes;[active_life,sports_and_fitness_instruction,barre_classes]
bartender;[services_and_business,event_or_party_service,bartender]
bartending_school;[education,place_of_learning,specialty_school,bartending_school]
baseball_field;[sports_and_recreation,sport_or_fitness_facility,sport_field,baseball_field]
baseball_stadium;[arts_and_entertainment,stadium_arena,stadium,baseball_stadium]
basketball_court;[sports_and_recreation,sport_or_fitness_facility,sport_court,basketball_court]
basketball_stadium;[arts_and_entertainment,stadium_arena,stadium,basketball_stadium]
basque_restaurant;[food_and_drink,restaurant,european_restaurant,iberian_restaurant,spanish_restaurant,basque_restaurant]
bath_and_body_store;[shopping,specialty_store,personal_care_and_beauty_store,bath_and_body_store]
bathroom_fixture_store;[shopping,specialty_store,hardware_home_and_garden_store,kitchen_and_bath_store,bathroom_fixture_store]
bathroom_fixture_stores;[retail,shopping,home_and_garden,kitchen_and_bath,bathroom_fixture_stores]
bathroom_remodeling;[services_and_business,home_service,bathroom_remodeling]
bathtub_and_sink_repair;[services_and_business,home_service,bathtub_and_sink_repair]
bathtub_and_sink_repairs;[home_service,bathtub_and_sink_repairs]
battery_inverter_supplier;[services_and_business,b2b_service,supplier_or_distributor,battery_inverter_supplier]
battery_store;[shopping,specialty_store,electronics_store,battery_store]
batting_cage;[sports_and_recreation,sport_or_fitness_facility,batting_cage]
bazaar;[shopping,market,bazaar]
bazaars;[retail,shopping,bazaars]
beach;[geographic_entities,land_feature,beach]
beach_bar;[food_and_drink,alcoholic_beverage_venue,bar,beach_bar]
beach_combing_area;[geographic_entities,land_feature,beach,beach_combing_area]
beach_equipment_rental;[sports_and_recreation,recreational_equipment_rental,beach_equipment_rental]
beach_equipment_rentals;[active_life,sports_and_recreation_rental_and_services,beach_equipment_rentals]
beach_resort;[lodging,resort,beach_resort]
beach_volleyball_club;[sports_and_recreation,sport_or_recreation_club,beach_volleyball_club]
beach_volleyball_court;[sports_and_recreation,sport_or_fitness_facility,sport_court,beach_volleyball_court]
bearing_supplier;[services_and_business,b2b_service,supplier_or_distributor,bearing_supplier]
beauty_and_spa;[beauty_and_spa]
beauty_product_supplier;[services_and_business,b2b_service,supplier_or_distributor,beauty_product_supplier]
beauty_salon;[lifestyle_services,personal_or_beauty_service,beauty_salon]
beauty_supply_store;[shopping,specialty_store,personal_care_and_beauty_store,beauty_supply_store]
bed_and_breakfast;[lodging,bed_and_breakfast]
bedding_and_bath_store;[shopping,specialty_store,hardware_home_and_garden_store,bedding_and_bath_store]
bedding_and_bath_stores;[retail,shopping,home_and_garden,bedding_and_bath_stores]
beer_bar;[food_and_drink,alcoholic_beverage_venue,bar,beer_bar]
beer_garden;[food_and_drink,alcoholic_beverage_venue,beer_garden]
beer_tour;[travel_and_transportation,travel_service,tour_operator,beer_tour]
beer_tours;[travel,tours,beer_tours]
beer_wine_and_spirits;[retail,food,beer_wine_and_spirits]
beer_wine_spirits_store;[shopping,food_and_beverage_store,beer_wine_spirits_store]
behavior_analysis;[health_care,outpatient_care_facility,behavioral_or_mental_health_clinic,behavioral_or_crisis_service,behavior_analysis]
behavioral_or_crisis_service;[health_care,outpatient_care_facility,behavioral_or_mental_health_clinic,behavioral_or_crisis_service]
behavioral_or_mental_health_clinic;[health_care,outpatient_care_facility,behavioral_or_mental_health_clinic]
beijing_restaurant;[food_and_drink,restaurant,asian_restaurant,east_asian_restaurant,chinese_restaurant,beijing_restaurant]
belarusian_restaurant;[food_and_drink,restaurant,european_restaurant,eastern_european_restaurant,belarusian_restaurant]
belgian_restaurant;[food_and_drink,restaurant,european_restaurant,western_european_restaurant,belgian_restaurant]
belizean_restaurant;[food_and_drink,restaurant,latin_american_restaurant,central_american_restaurant,belizean_restaurant]
bengali_restaurant;[food_and_drink,restaurant,asian_restaurant,south_asian_restaurant,indian_restaurant,bengali_restaurant]
betting_center;[arts_and_entertainment,gaming_venue,betting_center]
beverage_store;[retail,beverage_store]
beverage_supplier;[services_and_business,b2b_service,supplier_or_distributor,beverage_supplier]
bicycle_path;[active_life,sports_and_recreation_venue,bicycle_path]
bicycle_sharing_location;[travel,transportation,bicycle_sharing_location]
bicycle_shop;[retail,shopping,sporting_goods,bicycle_shop]
bike_parking;[travel_and_transportation,parking,bike_parking]
bike_path;[sports_and_recreation,recreational_trail_or_path,bike_path]
bike_rental;[sports_and_recreation,recreational_equipment_rental,bike_rental]
bike_rentals;[active_life,sports_and_recreation_rental_and_services,bike_rentals]
bike_repair_maintenance;[services_and_business,technical_service,bike_repair_maintenance]
bike_sharing;[travel,transportation,bike_sharing]
bike_sharing_location;[travel_and_transportation,ground_transport_facility_or_service,bikes_and_bike_service,bike_sharing_location]
bike_store;[shopping,specialty_store,sporting_goods_store,bike_store]
bike_tour;[travel_and_transportation,travel_service,tour_operator,bike_tour]
bike_tours;[travel,tours,bike_tours]
bikes_and_bike_service;[travel_and_transportation,ground_transport_facility_or_service,bikes_and_bike_service]
billing_service;[services_and_business,professional_service,billing_service]
billing_services;[professional_services,billing_services]
bingo_hall;[arts_and_entertainment,gaming_venue,bingo_hall]
biotechnology_company;[services_and_business,corporate_or_business_office,biotechnology_company]
bird_store;[shopping,specialty_store,animal_and_pet_store,pet_store,bird_store]
bistro;[food_and_drink,casual_eatery,bistro]
blacksmith;[services_and_business,building_or_construction_service,blacksmith]
blacksmiths;[professional_services,construction_services,metal_materials_and_experts,blacksmiths]
blood_and_plasma_donation_center;[health_care,medical_service,blood_and_plasma_donation_center]
blow_dry_blow_out_service;[lifestyle_services,personal_or_beauty_service,hair_salon,blow_dry_blow_out_service]
blueprinter;[services_and_business,building_or_construction_service,blueprinter]
blueprinters;[professional_services,construction_services,blueprinters]
board_of_education_office;[education,education_office,board_of_education_office]
board_of_education_offices;[education,board_of_education_offices]
boat_and_ship_manufacturer;[services_and_business,b2b_service,manufacturer,vehicle_manufacturer,boat_and_ship_manufacturer]
boat_charter;[services_and_business,event_or_party_service,boat_charter]
boat_dealer;[shopping,vehicle_dealer,boat_dealer]
boat_hire_service;[sports_and_recreation,recreational_equipment_rental,boat_hire_service]
boat_parts_and_accessories;[automotive,boat_parts_and_accessories]
boat_parts_and_supply_store;[retail,boat_parts_and_supply_store]
boat_parts_store;[shopping,specialty_store,vehicle_parts_store,boat_parts_store]
boat_rental_and_training;[sports_and_recreation,recreational_equipment_rental,boat_rental_and_training]
boat_service;[travel_and_transportation,vehicle_service,boat_service]
boat_storage_facility;[services_and_business,storage_facility,boat_storage_facility]
boat_tour;[travel_and_transportation,travel_service,tour_operator,boat_tour]
boat_tours;[travel,tours,boat_tours]
boating_place;[sports_and_recreation,sport_or_fitness_facility,water_sport,boating_place]
boating_places;[attractions_and_activities,boating_places]
bobsledding_field;[sports_and_recreation,sport_or_fitness_facility,snow_sport,bobsledding_field]
bocce_ball_court;[sports_and_recreation,sport_or_fitness_facility,sport_court,bocce_ball_court]
body_art;[lifestyle_services,personal_or_beauty_service,body_modification,body_art]
body_contouring;[health_care,outpatient_care_facility,specialized_health_care,medical_skin_care,body_contouring]
body_modification;[lifestyle_services,personal_or_beauty_service,body_modification]
bolivian_restaurant;[food_and_drink,restaurant,latin_american_restaurant,south_american_restaurant,bolivian_restaurant]
book_magazine_distribution;[services_and_business,media_service,media_news_company,book_magazine_distribution]
bookbinding;[services_and_business,media_service,bookbinding]
bookkeeper;[services_and_business,professional_service,bookkeeper]
bookmakers;[arts_and_entertainment,bookmakers]
books_mags_music_and_video;[retail,shopping,books_mags_music_and_video]
books_music_and_video_store;[shopping,specialty_store,books_music_and_video_store]
bookstore;[shopping,specialty_store,books_music_and_video_store,bookstore]
boot_camp;[sports_and_recreation,sport_or_fitness_facility,fitness_studio,boot_camp]
botanical_garden;[geographic_entities,built_feature,garden,botanical_garden]
bottled_water_company;[services_and_business,corporate_or_business_office,bottled_water_company]
boudoir_photography_service;[services_and_business,media_service,photography_service,boudoir_photography_service]
bounce_house_rental;[services_and_business,event_or_party_service,bounce_house_rental]
boutique;[retail,shopping,boutique]
bowling_alley;[sports_and_recreation,sport_or_fitness_facility,bowling_alley]
box_lunch_supplier;[services_and_business,b2b_service,supplier_or_distributor,box_lunch_supplier]
boxing_class;[sports_and_recreation,sport_or_fitness_facility,boxing_class]
boxing_club;[active_life,sports_and_fitness_instruction,boxing_club]
boxing_gym;[sports_and_recreation,sport_or_fitness_facility,boxing_gym]
brake_service_and_repair;[travel_and_transportation,vehicle_service,automotive_service,automotive_repair,brake_service_and_repair]
brasserie;[food_and_drink,restaurant,european_restaurant,western_european_restaurant,french_restaurant,brasserie]
brazilian_jiu_jitsu_club;[sports_and_recreation,sport_or_recreation_club,martial_arts_club,brazilian_jiu_jitsu_club]
brazilian_restaurant;[food_and_drink,restaurant,latin_american_restaurant,south_american_restaurant,brazilian_restaurant]
breakfast_and_brunch_restaurant;[food_and_drink,restaurant,breakfast_and_brunch_restaurant]
brewery;[food_and_drink,alcoholic_beverage_venue,brewery]
brewing_supply_store;[shopping,food_and_beverage_store,brewing_supply_store]
bridal_shop;[shopping,fashion_and_apparel_store,clothing_store,bridal_shop]
bridge;[geographic_entities,built_feature,bridge]
british_restaurant;[food_and_drink,restaurant,european_restaurant,western_european_restaurant,british_restaurant]
broadcasting_media_production;[services_and_business,media_service,media_news_company,broadcasting_media_production]
broker;[services_and_business,financial_service,broker]
brokers;[financial_service,brokers]
bubble_soccer_field;[active_life,sports_and_recreation_venue,bubble_soccer_field]
bubble_tea;[eat_and_drink,bar,bubble_tea]
bubble_tea_shop;[food_and_drink,non_alcoholic_beverage_venue,bubble_tea_shop]
buddhist_goods_store;[shopping,specialty_store,religious_and_spiritual_goods_store,buddhist_goods_store]
buddhist_pilgrimage_site;[cultural_and_historic,religious_landmark,pilgrimage_site,buddhist_pilgrimage_site]
buddhist_place_of_worship;[cultural_and_historic,place_of_worship,buddhist_place_of_worship]
buddhist_temple;[religious_organization,buddhist_temple]
buffet_restaurant;[food_and_drink,restaurant,buffet_restaurant]
builder;[services_and_business,real_estate_service,builder]
builders;[real_estate,builders]
building;[geographic_entities,built_feature,building]
building_contractor;[services_and_business,home_service,contractor,building_contractor]
building_or_construction_service;[services_and_business,building_or_construction_service]
building_supply_store;[shopping,specialty_store,hardware_home_and_garden_store,building_supply_store]
built_feature;[geographic_entities,built_feature]
bulgarian_orthodox_place_of_worship;[cultural_and_historic,place_of_worship,christian_place_of_worship,eastern_orthodox_place_of_worship,bulgarian_orthodox_place_of_worship]
bulgarian_restaurant;[food_and_drink,restaurant,european_restaurant,eastern_european_restaurant,bulgarian_restaurant]
bungee_jumping_center;[sports_and_recreation,sport_or_fitness_facility,adventure_sport,bungee_jumping_center]
burger_restaurant;[food_and_drink,restaurant,meat_restaurant,burger_restaurant]
burmese_restaurant;[food_and_drink,restaurant,asian_restaurant,southeast_asian_restaurant,burmese_restaurant]
bus_rental;[services_and_business,rental_service,bus_rental]
bus_rentals;[professional_services,bus_rentals]
bus_service;[travel,transportation,bus_service]
bus_station;[travel_and_transportation,ground_transport_facility_or_service,public_transit_facility_or_service,bus_station]
bus_ticket_agency;[travel_and_transportation,ground_transport_facility_or_service,public_transit_facility_or_service,bus_ticket_agency]
bus_tour;[travel_and_transportation,travel_service,tour_operator,bus_tour]
bus_tours;[travel,tours,bus_tours]
business_banking_service;[services_and_business,financial_service,business_banking_service]
business_broker;[services_and_business,financial_service,broker,business_broker]
business_brokers;[financial_service,brokers,business_brokers]
business_consulting;[services_and_business,professional_service,business_consulting]
business_financing;[services_and_business,financial_service,business_financing]
business_law;[services_and_business,legal_service,attorney_or_law_firm,business_law]
business_management_services;[business_to_business,business_to_business_services,consultant_and_general_service,business_management_services]
business_office_supplies_and_stationery;[services_and_business,b2b_service,supplier_or_distributor,business_office_supplies_and_stationery]
business_school;[education,place_of_learning,college_university,business_school]
business_schools;[education,college_university,business_schools]
business_to_business_services;[business_to_business,business_to_business_services]
butcher_shop;[shopping,food_and_beverage_store,butcher_shop]
cabaret;[arts_and_entertainment,performing_arts_venue,cabaret]
cabin;[lodging,cabin]
cabinet_sales_service;[services_and_business,home_service,cabinet_sales_service]
cable_car_service;[travel_and_transportation,ground_transport_facility_or_service,public_transit_facility_or_service,cable_car_service]
cafe;[food_and_drink,casual_eatery,cafe]
cafeteria;[food_and_drink,restaurant,cafeteria]
cajun_and_creole_restaurant;[food_and_drink,restaurant,north_american_restaurant,american_restaurant,cajun_and_creole_restaurant]
cajun_creole_restaurant;[eat_and_drink,restaurant,cajun_and_creole_restaurant]
calligraphy;[services_and_business,media_service,calligraphy]
cambodian_restaurant;[food_and_drink,restaurant,asian_restaurant,southeast_asian_restaurant,cambodian_restaurant]
camera_and_photography_store;[shopping,specialty_store,electronics_store,camera_and_photography_store]
campground;[lodging,campground]
campus;[education,educational_facility,campus]
campus_building;[education,educational_facility,campus_building]
canadian_restaurant;[food_and_drink,restaurant,north_american_restaurant,canadian_restaurant]
canal;[geographic_entities,water_feature,canal]
cancer_treatment_center;[health_care,specialized_medical_facility,cancer_treatment_center]
candle_store;[shopping,specialty_store,hardware_home_and_garden_store,candle_store]
candy_store;[food_and_drink,casual_eatery,candy_store]
cannabis_clinic;[health_care,medical_service,medical_cannabis,cannabis_clinic]
cannabis_collective;[health_care,medical_service,medical_cannabis,cannabis_collective]
cannabis_dispensary;[shopping,specialty_store,smoke_and_vape_store,cannabis_dispensary]
cannabis_tour;[travel_and_transportation,travel_service,tour_operator,cannabis_tour]
canoe_and_kayak_hire_service;[sports_and_recreation,recreational_equipment_rental,canoe_and_kayak_hire_service]
canteen;[food_and_drink,casual_eatery,canteen]
cantonese_restaurant;[food_and_drink,restaurant,asian_restaurant,east_asian_restaurant,chinese_restaurant,cantonese_restaurant]
canyon;[geographic_entities,land_feature,canyon]
car_auction;[shopping,specialty_store,auction_house,car_auction]
car_buyer;[travel_and_transportation,vehicle_service,automotive_service,car_buyer]
car_inspection;[travel_and_transportation,vehicle_service,automotive_service,car_inspection]
car_inspector;[automotive,automotive_services_and_repair,car_inspection]
car_rental_agency;[travel,rental_service,car_rental_agency]
car_rental_service;[services_and_business,rental_service,vehicle_rental_service,car_rental_service]
car_sharing;[travel_and_transportation,ground_transport_facility_or_service,taxi_or_ride_share_service,car_sharing]
car_stereo_installation;[travel_and_transportation,vehicle_service,automotive_service,car_stereo_installation]
car_stereo_store;[shopping,specialty_store,electronics_store,car_stereo_store]
car_wash;[travel_and_transportation,vehicle_service,automotive_service,car_wash]
car_window_tinting;[travel_and_transportation,vehicle_service,automotive_service,auto_glass_service,car_window_tinting]
cardio_class;[sports_and_recreation,sport_or_fitness_facility,cardio_class]
cardio_classes;[active_life,sports_and_fitness_instruction,cardio_classes]
cardiology;[health_care,outpatient_care_facility,specialized_health_care,cardiovascular_and_vascular_medicine,cardiology]
cardiothoracic_surgery;[health_care,specialized_medical_facility,surgery,cardiothoracic_surgery]
cardiovascular_and_vascular_medicine;[health_care,outpatient_care_facility,specialized_health_care,cardiovascular_and_vascular_medicine]
cards_and_stationery_store;[shopping,specialty_store,cards_and_stationery_store]
career_counseling;[services_and_business,professional_service,career_counseling]
caribbean_restaurant;[food_and_drink,restaurant,latin_american_restaurant,caribbean_restaurant]
caricature;[services_and_business,event_or_party_service,caricature]
carnival_venue;[arts_and_entertainment,amusement_attraction,carnival_venue]
carousel;[arts_and_entertainment,amusement_attraction,carousel]
carpenter;[services_and_business,home_service,carpenter]
carpet_cleaning;[services_and_business,home_service,carpet_cleaning]
carpet_dyeing;[services_and_business,home_service,carpet_dyeing]
carpet_installation;[services_and_business,home_service,carpet_installation]
carpet_store;[shopping,specialty_store,hardware_home_and_garden_store,carpet_store]
cartooning_museum;[arts_and_entertainment,museum,art_museum,cartooning_museum]
casino;[arts_and_entertainment,gaming_venue,casino]
casting_molding_service;[services_and_business,b2b_service,b2b_industrial_and_machine_service,casting_molding_service]
castle;[cultural_and_historic,historic_site,castle]
casual_eatery;[food_and_drink,casual_eatery]
cat_cafe;[food_and_drink,casual_eatery,cafe,animal_cafe,cat_cafe]
catalan_restaurant;[food_and_drink,restaurant,european_restaurant,iberian_restaurant,spanish_restaurant,catalan_restaurant]
caterer;[services_and_business,event_or_party_service,caterer]
catholic_church;[religious_organization,church_cathedral,catholic_church]
catholic_shrine;[cultural_and_historic,religious_landmark,shrine,catholic_shrine]
cave;[geographic_entities,land_feature,cave]
ceiling_and_roofing_repair_and_service;[services_and_business,home_service,ceiling_and_roofing_repair_and_service]
ceiling_service;[services_and_business,home_service,ceiling_and_roofing_repair_and_service,ceiling_service]
cement_supplier;[services_and_business,b2b_service,supplier_or_distributor,cement_supplier]
cemeteries;[professional_services,cemeteries]
cemetery;[cultural_and_historic,memorial_site,cemetery]
central_american_restaurant;[food_and_drink,restaurant,latin_american_restaurant,central_american_restaurant]
central_asian_restaurant;[food_and_drink,restaurant,asian_restaurant,central_asian_restaurant]
central_european_restaurant;[food_and_drink,restaurant,european_restaurant,central_european_restaurant]
central_government_office;[public_service_and_government,central_government_office]
ceremonial_clothing;[retail,shopping,fashion,clothing_store,ceremonial_clothing]
certification_agency;[services_and_business,professional_service,certification_agency]
challenge_courses_center;[sports_and_recreation,sport_or_fitness_facility,adventure_sport,challenge_courses_center]
chamber_of_handicraft;[arts_and_entertainment,chamber_of_handicraft]
chambers_of_commerce;[community_and_government,government_office,chambers_of_commerce]
champagne_bar;[food_and_drink,alcoholic_beverage_venue,bar,champagne_bar]
charity_organization;[community_and_government,civic_organization,charity_organization]
charter_school;[education,place_of_learning,school,charter_school]
check_cashing_payday_loans;[services_and_business,financial_service,check_cashing_payday_loans]
cheerleading;[education,place_of_learning,specialty_school,cheerleading]
cheese_shop;[shopping,food_and_beverage_store,cheese_shop]
cheese_tasting_class;[education,place_of_learning,class_venue,tasting_class,cheese_tasting_class]
cheese_tasting_classes;[education,tasting_classes,cheese_tasting_classes]
cheesesteak_restaurant;[food_and_drink,restaurant,meat_restaurant,cheesesteak_restaurant]
chemical_plant;[services_and_business,b2b_service,b2b_industrial_and_machine_service,chemical_plant]
chettinad_restaurant;[food_and_drink,restaurant,asian_restaurant,south_asian_restaurant,indian_restaurant,chettinad_restaurant]
chicken_restaurant;[food_and_drink,restaurant,meat_restaurant,chicken_restaurant]
chicken_wings_restaurant;[food_and_drink,restaurant,meat_restaurant,chicken_wings_restaurant]
child_care_and_day_care;[services_and_business,family_service,child_care_and_day_care]
child_protection_service;[community_and_government,social_or_community_service,child_protection_service]
child_psychiatry;[health_care,outpatient_care_facility,behavioral_or_mental_health_clinic,psychiatry_or_psychology_service,psychiatry,child_psychiatry]
childbirth_education;[education,place_of_learning,specialty_school,childbirth_education]
childproofing;[services_and_business,home_service,childproofing]
childrens_clothing_store;[shopping,fashion_and_apparel_store,clothing_store,childrens_clothing_store]
childrens_hospital;[health_care,hospital,specialty_hospital,childrens_hospital]
childrens_museum;[arts_and_entertainment,museum,childrens_museum]
chilean_restaurant;[food_and_drink,restaurant,latin_american_restaurant,south_american_restaurant,chilean_restaurant]
chimney_cake_shop;[retail,food,patisserie_cake_shop,chimney_cake_shop]
chimney_service;[services_and_business,home_service,chimney_service]
chimney_sweep;[services_and_business,home_service,chimney_service,chimney_sweep]
chinese_martial_arts_club;[sports_and_recreation,sport_or_recreation_club,martial_arts_club,chinese_martial_arts_club]
chinese_restaurant;[food_and_drink,restaurant,asian_restaurant,east_asian_restaurant,chinese_restaurant]
chiropractic;[health_care,outpatient_care_facility,complementary_and_alternative_medicine,chiropractic]
chocolatier;[food_and_drink,casual_eatery,candy_store,chocolatier]
choir;[arts_and_entertainment,performing_arts_venue,music_venue,choir]
christian_goods_store;[shopping,specialty_store,religious_and_spiritual_goods_store,christian_goods_store]
christian_pilgrimage_site;[cultural_and_historic,religious_landmark,pilgrimage_site,christian_pilgrimage_site]
christian_place_of_worship;[cultural_and_historic,place_of_worship,christian_place_of_worship]
christian_retreat_center;[cultural_and_historic,religious_retreat_or_center,christian_retreat_center]
christmas_tree_store;[shopping,specialty_store,hardware_home_and_garden_store,christmas_tree_store]
christmas_trees;[retail,shopping,home_and_garden,christmas_trees]
church_cathedral;[religious_organization,church_cathedral]
church_of_the_east_place_of_worship;[cultural_and_historic,place_of_worship,christian_place_of_worship,church_of_the_east_place_of_worship]
church_supply_store;[shopping,specialty_store,religious_and_spiritual_goods_store,christian_goods_store,church_supply_store]
cidery;[food_and_drink,alcoholic_beverage_venue,cidery]
cigar_bar;[food_and_drink,alcoholic_beverage_venue,bar,cigar_bar]
cinema;[arts_and_entertainment,cinema]
circus;[arts_and_entertainment,circus]
circus_school;[education,place_of_learning,specialty_school,circus_school]
circus_venue;[arts_and_entertainment,amusement_attraction,circus_venue]
civic_center;[community_and_government,civic_organization,civic_center]
civic_organization;[community_and_government,civic_organization]
civil_engineer;[services_and_business,building_or_construction_service,civil_engineer]
civil_engineers;[professional_services,construction_services,engineering_services,civil_engineers]
civil_examinations_academy;[education,place_of_learning,academy,civil_examinations_academy]
civil_rights_lawyer;[services_and_business,legal_service,attorney_or_law_firm,civil_rights_lawyer]
civil_rights_lawyers;[professional_services,lawyer,civil_rights_lawyers]
civilization_museum;[arts_and_entertainment,museum,history_museum,civilization_museum]
class_venue;[education,place_of_learning,class_venue]
cleaning_products_supplier;[services_and_business,b2b_service,supplier_or_distributor,cleaning_products_supplier]
cleaning_service;[services_and_business,professional_service,cleaning_service]
cleaning_services;[professional_services,cleaning_services]
cliff_jumping_center;[sports_and_recreation,sport_or_fitness_facility,adventure_sport,cliff_jumping_center]
climbing_class;[sports_and_recreation,sport_or_fitness_facility,climbing_class]
climbing_service;[sports_and_recreation,sport_or_fitness_facility,adventure_sport,climbing_service]
clinical_laboratories;[business_to_business,b2b_medical_support_services,clinical_laboratories]
clock_repair_service;[services_and_business,home_service,clock_repair_service]
closet_remodeling;[services_and_business,home_service,closet_remodeling]
clothing_company;[services_and_business,corporate_or_business_office,clothing_company]
clothing_rental;[services_and_business,rental_service,clothing_rental]
clothing_store;[shopping,fashion_and_apparel_store,clothing_store]
clown;[services_and_business,event_or_party_service,clown]
club_crawl;[arts_and_entertainment,nightlife_venue,club_crawl]
coach_bus;[travel_and_transportation,ground_transport_facility_or_service,public_transit_facility_or_service,coach_bus]
cocktail_bar;[food_and_drink,alcoholic_beverage_venue,bar,cocktail_bar]
coffee_and_tea_supplies;[shopping,food_and_beverage_store,coffee_and_tea_supplies]
coffee_roastery;[food_and_drink,non_alcoholic_beverage_venue,coffee_shop,coffee_roastery]
coffee_shop;[food_and_drink,non_alcoholic_beverage_venue,coffee_shop]
coin_dealer;[services_and_business,financial_service,coin_dealer]
coin_dealers;[financial_service,coin_dealers]
collection_agencies;[financial_service,collection_agencies]
collection_agency;[services_and_business,financial_service,collection_agency]
college_counseling;[education,educational_service,college_counseling]
college_university;[education,place_of_learning,college_university]
colombian_restaurant;[food_and_drink,restaurant,latin_american_restaurant,south_american_restaurant,colombian_restaurant]
colonic_hydrotherapy;[lifestyle_services,wellness_service,colonic_hydrotherapy]
comedy_club;[arts_and_entertainment,performing_arts_venue,comedy_club]
comfort_food_restaurant;[food_and_drink,restaurant,comfort_food_restaurant]
comic_books_store;[shopping,specialty_store,books_music_and_video_store,bookstore,comic_books_store]
commercial_industrial;[services_and_business,b2b_service,commercial_industrial]
commercial_printer;[services_and_business,printing_service,commercial_printer]
commercial_real_estate;[services_and_business,real_estate_service,commercial_real_estate]
commercial_refrigeration;[services_and_business,technical_service,commercial_refrigeration]
commercial_vehicle_dealer;[shopping,vehicle_dealer,commercial_vehicle_dealer]
commissioned_artist;[services_and_business,media_service,commissioned_artist]
community_and_government;[community_and_government]
community_book_box;[services_and_business,home_service,community_book_box]
community_book_boxes;[professional_services,community_book_boxes]
community_center;[community_and_government,social_or_community_service,community_center]
community_garden;[geographic_entities,built_feature,garden,community_garden]
community_gardens;[professional_services,community_gardens]
community_health_center;[health_care,outpatient_care_facility,primary_care_or_general_clinic,community_health_center]
community_museum;[arts_and_entertainment,museum,history_museum,community_museum]
community_services_non_profits;[public_service_and_government,community_services]
complementary_and_alternative_medicine;[health_care,outpatient_care_facility,complementary_and_alternative_medicine]
computer_coaching;[education,place_of_learning,specialty_school,computer_coaching]
computer_hardware_company;[services_and_business,technical_service,computer_hardware_company]
computer_museum;[arts_and_entertainment,museum,science_museum,computer_museum]
computer_store;[shopping,specialty_store,electronics_store,computer_store]
computer_wholesaler;[services_and_business,b2b_service,wholesaler,computer_wholesaler]
concept_shop;[retail,shopping,concept_shop]
concierge_medicine;[health_care,outpatient_care_facility,primary_care_or_general_clinic,concierge_medicine]
condominium;[services_and_business,housing_or_property_service,condominium]
conservative_jewish_place_of_worship;[cultural_and_historic,place_of_worship,jewish_place_of_worship,conservative_jewish_place_of_worship]
construction_management;[services_and_business,building_or_construction_service,construction_management]
construction_services;[professional_services,construction_services]
contemporary_art_museum;[arts_and_entertainment,museum,art_museum,contemporary_art_museum]
contract_law;[services_and_business,legal_service,attorney_or_law_firm,contract_law]
contractor;[services_and_business,home_service,contractor]
convenience_store;[shopping,convenience_store]
convent;[cultural_and_historic,religious_organization,convent]
convents_and_monasteries;[religious_organization,convents_and_monasteries]
cooking_classes;[shopping,specialty_store,arts_crafts_and_hobby_store,cooking_classes]
cooking_school;[education,place_of_learning,specialty_school,cooking_school]
coptic_orthodox_place_of_worship;[cultural_and_historic,place_of_worship,christian_place_of_worship,oriental_orthodox_place_of_worship,coptic_orthodox_place_of_worship]
copywriting_service;[services_and_business,professional_service,copywriting_service]
corn_maze;[arts_and_entertainment,rural_attraction,corn_maze]
corporate_entertainment_service;[services_and_business,media_service,corporate_entertainment_service]
corporate_entertainment_services;[private_establishments_and_corporates,corporate_entertainment_services]
corporate_gift_supplier;[services_and_business,b2b_service,supplier_or_distributor,corporate_gift_supplier]
corporate_or_business_office;[services_and_business,corporate_or_business_office]
cosmetic_and_beauty_supplies;[retail,shopping,cosmetic_and_beauty_supplies]
cosmetic_dentistry;[health_care,outpatient_care_facility,dental_clinic,cosmetic_dentistry]
cosmetic_products_manufacturer;[services_and_business,b2b_service,manufacturer,cosmetic_products_manufacturer]
cosmetic_surgery;[health_care,specialized_medical_facility,surgery,plastic_and_reconstructive_surgery,cosmetic_surgery]
cosmetics_and_fragrance_store;[shopping,specialty_store,personal_care_and_beauty_store,beauty_supply_store,cosmetics_and_fragrance_store]
cosmetology_school;[education,place_of_learning,specialty_school,cosmetology_school]
costa_rican_restaurant;[food_and_drink,restaurant,latin_american_restaurant,central_american_restaurant,costa_rican_restaurant]
costume_museum;[arts_and_entertainment,museum,art_museum,costume_museum]
costume_store;[shopping,specialty_store,arts_crafts_and_hobby_store,costume_store]
cottage;[lodging,cottage]
cotton_mill;[services_and_business,b2b_service,manufacturer,mill,cotton_mill]
counseling;[health_care,outpatient_care_facility,behavioral_or_mental_health_clinic,counseling]
countertop_installation;[services_and_business,home_service,countertop_installation]
country_club;[arts_and_entertainment,social_club,country_club]
country_dance_hall;[arts_and_entertainment,rural_attraction,country_dance_hall]
country_house;[lodging,country_house]
courier_and_delivery_service;[services_and_business,shipping_or_delivery_service,courier_and_delivery_service]
courier_and_delivery_services;[professional_services,courier_and_delivery_services]
court_reporter;[services_and_business,legal_service,court_reporter]
courthouse;[community_and_government,government_office,courthouse]
coworking_space;[services_and_business,professional_service,coworking_space]
cpr_class;[education,place_of_learning,specialty_school,cpr_class]
cpr_classes;[education,specialty_school,cpr_classes]
craft_shop;[retail,shopping,arts_and_crafts,craft_shop]
craft_store;[shopping,specialty_store,arts_crafts_and_hobby_store,craft_store]
crane_service;[services_and_business,building_or_construction_service,crane_service]
crane_services;[professional_services,crane_services]
crater;[geographic_entities,land_feature,crater]
credit_and_debt_counseling;[services_and_business,financial_service,credit_and_debt_counseling]
credit_union;[services_and_business,financial_service,bank_or_credit_union,credit_union]
cremation_service;[services_and_business,family_service,funeral_service,cremation_service]
cremation_services;[professional_services,funeral_services_and_cemeteries,cremation_services]
cricket_ground;[arts_and_entertainment,stadium_arena,stadium,cricket_ground]
criminal_defense_law;[services_and_business,legal_service,attorney_or_law_firm,criminal_defense_law]
crisis_intervention_service;[health_care,outpatient_care_facility,behavioral_or_mental_health_clinic,behavioral_or_crisis_service,crisis_intervention_service]
crisis_intervention_services;[health_and_medical,abuse_and_addiction_treatment,crisis_intervention_services]
crops_production;[services_and_business,b2b_service,b2b_agriculture_service,crops_production]
cryotherapy;[lifestyle_services,wellness_service,cryotherapy]
csa_farm;[shopping,food_and_beverage_store,csa_farm]
cuban_restaurant;[food_and_drink,restaurant,latin_american_restaurant,caribbean_restaurant,cuban_restaurant]
cultural_and_historic;[cultural_and_historic]
cultural_center;[cultural_and_historic,cultural_center]
cupcake_shop;[food_and_drink,casual_eatery,dessert_shop,cupcake_shop]
curling_center;[sports_and_recreation,sport_or_fitness_facility,curling_center]
curling_club;[sports_and_recreation,sport_or_recreation_club,curling_club]
curling_ice;[sports_and_recreation,sport_or_fitness_facility,curling_ice]
currency_exchange;[services_and_business,financial_service,currency_exchange]
curry_sausage_restaurant;[food_and_drink,restaurant,meat_restaurant,curry_sausage_restaurant]
custom_cakes_shop;[shopping,food_and_beverage_store,patisserie_cake_shop,custom_cakes_shop]
custom_clothing;[retail,shopping,custom_clothing]
custom_clothing_store;[shopping,fashion_and_apparel_store,clothing_store,custom_clothing_store]
custom_t_shirt_store;[shopping,fashion_and_apparel_store,clothing_store,t_shirt_store,custom_t_shirt_store]
customized_merchandise;[retail,shopping,customized_merchandise]
customized_merchandise_store;[shopping,specialty_store,customized_merchandise_store]
customs_broker;[services_and_business,financial_service,customs_broker]
cycle_studio;[sports_and_recreation,sport_or_fitness_facility,gym,cycle_studio]
cycling_class;[sports_and_recreation,sport_or_fitness_facility,cycling_class]
cycling_classes;[active_life,sports_and_fitness_instruction,cycling_classes]
czech_restaurant;[food_and_drink,restaurant,european_restaurant,central_european_restaurant,czech_restaurant]
dairy_farm;[services_and_business,agricultural_service,farm,dairy_farm]
dairy_store;[shopping,food_and_beverage_store,specialty_foods_store,dairy_store]
dairy_stores;[retail,shopping,grocery_store,dairy_stores]
dam;[geographic_entities,built_feature,dam]
damage_restoration;[services_and_business,home_service,damage_restoration]
dance_club;[arts_and_entertainment,nightlife_venue,dance_club]
dance_school;[active_life,sports_and_fitness_instruction,dance_school]
dance_studio;[sports_and_recreation,sport_or_fitness_facility,dance_studio]
dance_wear;[retail,shopping,sporting_goods,sports_wear,dance_wear]
dancewear_store;[shopping,specialty_store,sporting_goods_store,sportswear_store,dancewear_store]
danish_restaurant;[food_and_drink,restaurant,european_restaurant,scandinavian_restaurant,danish_restaurant]
data_recovery;[services_and_business,technical_service,it_service_and_computer_repair,data_recovery]
day_care_preschool;[services_and_business,family_service,child_care_and_day_care,day_care_preschool]
day_spa;[lifestyle_services,wellness_service,spa,day_spa]
debt_relief_service;[services_and_business,financial_service,debt_relief_service]
debt_relief_services;[financial_service,debt_relief_services]
deck_and_railing_sales_service;[services_and_business,home_service,deck_and_railing_sales_service]
decorative_arts_museum;[arts_and_entertainment,museum,art_museum,decorative_arts_museum]
delegated_driver_service;[travel_and_transportation,vehicle_service,delegated_driver_service]
delicatessen;[food_and_drink,casual_eatery,delicatessen]
demolition_service;[services_and_business,home_service,demolition_service]
denim_wear_store;[shopping,fashion_and_apparel_store,clothing_store,denim_wear_store]
dental_clinic;[health_care,outpatient_care_facility,dental_clinic]
dental_hygiene;[health_care,outpatient_care_facility,dental_clinic,dental_hygiene]
dental_laboratories;[business_to_business,b2b_medical_support_services,dental_laboratories]
dental_supply_store;[shopping,specialty_store,medical_supply_store,dental_supply_store]
dentistry_school;[education,place_of_learning,college_university,medical_sciences_school,dentistry_school]
dentistry_schools;[education,college_university,medical_sciences_schools,dentistry_schools]
department_of_motor_vehicles;[community_and_government,government_office,government_department,department_of_motor_vehicles]
department_of_social_service;[community_and_government,government_office,government_department,department_of_social_service]
department_store;[shopping,department_store]
dermatology;[health_care,outpatient_care_facility,specialized_health_care,medical_skin_care,dermatology]
desert;[geographic_entities,land_feature,desert]
design_museum;[arts_and_entertainment,museum,art_museum,design_museum]
design_service;[services_and_business,design_service]
designer_clothing;[shopping,fashion_and_apparel_store,clothing_store,designer_clothing]
dessert_shop;[food_and_drink,casual_eatery,dessert_shop]
desserts;[retail,food,desserts]
diagnostic_imaging;[health_care,outpatient_care_facility,diagnostics_imaging_or_lab_service,diagnostic_imaging]
diagnostic_services;[health_and_medical,diagnostic_services]
diagnostics_imaging_or_lab_service;[health_care,outpatient_care_facility,diagnostics_imaging_or_lab_service]
dialysis_clinic;[health_care,specialized_medical_facility,dialysis_clinic]
diamond_dealer;[shopping,fashion_and_apparel_store,jewelry_store,diamond_dealer]
digitizing_service;[services_and_business,media_service,digitizing_service]
digitizing_services;[professional_services,digitizing_services]
dim_sum_restaurant;[food_and_drink,restaurant,asian_restaurant,east_asian_restaurant,chinese_restaurant,dim_sum_restaurant]
diner;[food_and_drink,casual_eatery,diner]
dinner_theater;[arts_and_entertainment,performing_arts_venue,theatre_venue,dinner_theater]
dinner_theatre;[dinner_theatre]
disability_law;[services_and_business,legal_service,attorney_or_law_firm,disability_law]
disability_services_and_support_organization;[community_and_government,social_or_community_service,disability_services_and_support_organization]
disc_golf_course;[sports_and_recreation,sport_or_fitness_facility,sport_field,disc_golf_course]
discount_store;[shopping,discount_store]
display_home_center;[services_and_business,real_estate_service,display_home_center]
distillery;[food_and_drink,alcoholic_beverage_venue,distillery]
distribution_service;[services_and_business,b2b_service,b2b_transportation_and_storage_service,freight_and_cargo_service,distribution_service]
distribution_services;[business_to_business,business_storage_and_transportation,freight_and_cargo_service,distribution_services]
dive_bar;[food_and_drink,alcoholic_beverage_venue,bar,dive_bar]
dive_shop;[retail,shopping,sporting_goods,dive_shop]
dive_store;[shopping,specialty_store,sporting_goods_store,dive_store]
diving_center;[sports_and_recreation,sport_or_fitness_facility,diving_center]
diving_instruction;[sports_and_recreation,sport_or_fitness_facility,diving_instruction]
divorce_and_family_law;[services_and_business,legal_service,attorney_or_law_firm,divorce_and_family_law]
diy_auto_shop;[travel_and_transportation,vehicle_service,automotive_service,automotive_repair,diy_auto_shop]
diy_foods_restaurant;[food_and_drink,restaurant,diy_foods_restaurant]
dj_equipment_store;[shopping,specialty_store,musical_instrument_and_pro_audio_store,dj_equipment_store]
dj_service;[services_and_business,event_or_party_service,dj_service]
do_it_yourself_store;[shopping,specialty_store,hardware_home_and_garden_store,do_it_yourself_store]
dock;[geographic_entities,built_feature,dock]
doctors_office;[health_care,outpatient_care_facility,diagnostics_imaging_or_lab_service,doctors_office]
dog_cafe;[food_and_drink,casual_eatery,cafe,animal_cafe,dog_cafe]
dog_meat_restaurant;[eat_and_drink,restaurant,dog_meat_restaurant]
dog_park;[sports_and_recreation,park,dog_park]
dog_trainer;[lifestyle_services,animal_or_pet_service,pet_care_service,pet_training,dog_trainer]
dog_walker;[lifestyle_services,animal_or_pet_service,pet_care_service,dog_walker]
dog_walkers;[pets,pet_services,dog_walkers]
domestic_airports;[travel,airport,domestic_airports]
domestic_business_and_trade_organizations;[business_to_business,business_to_business_services,domestic_business_and_trade_organizations]
dominican_restaurant;[food_and_drink,restaurant,latin_american_restaurant,caribbean_restaurant,dominican_restaurant]
donation_center;[services_and_business,home_service,donation_center]
doner_kebab;[eat_and_drink,restaurant,doner_kebab]
doner_kebab_restaurant;[food_and_drink,restaurant,middle_eastern_restaurant,turkish_restaurant,doner_kebab_restaurant]
dongbei_restaurant;[food_and_drink,restaurant,asian_restaurant,east_asian_restaurant,chinese_restaurant,dongbei_restaurant]
donut_shop;[food_and_drink,casual_eatery,dessert_shop,donut_shop]
donuts;[retail,food,donuts]
door_sales_service;[services_and_business,home_service,door_sales_service]
doula_service;[health_care,outpatient_care_facility,reproductive_perinatal_and_womens_care,doula_service]
drama_school;[education,place_of_learning,specialty_school,drama_school]
drinking_fountain;[community_and_government,public_facility,public_fountain,drinking_fountain]
drinking_water_dispenser;[business_to_business,business_manufacturing_and_supply,drinking_water_dispenser]
drive_in_theater;[arts_and_entertainment,movie_theater,drive_in_theater]
drive_in_theatre;[drive_in_theatre]
drive_thru_bar;[food_and_drink,alcoholic_beverage_venue,bar,drive_thru_bar]
driving_range;[sports_and_recreation,sport_or_fitness_facility,golf_course,driving_range]
driving_school;[education,place_of_learning,specialty_school,driving_school]
drone_store;[shopping,specialty_store,electronics_store,drone_store]
drugstore;[shopping,specialty_store,pharmacy_and_drug_store,drugstore]
dry_cleaning;[services_and_business,laundry_service,dry_cleaning]
drywall_service;[services_and_business,home_service,drywall_service]
drywall_services;[home_service,drywall_services]
dui_law;[services_and_business,legal_service,attorney_or_law_firm,dui_law]
dui_school;[education,place_of_learning,specialty_school,dui_school]
dumpling_restaurant;[food_and_drink,restaurant,dumpling_restaurant]
dumpster_rental;[services_and_business,rental_service,dumpster_rental]
dumpster_rentals;[professional_services,junk_removal_and_hauling,dumpster_rentals]
duplication_service;[services_and_business,printing_service,duplication_service]
duplication_services;[professional_services,duplication_services]
dutch_restaurant;[food_and_drink,restaurant,european_restaurant,western_european_restaurant,dutch_restaurant]
duty_free_shop;[retail,shopping,duty_free_shop]
duty_free_store;[shopping,specialty_store,duty_free_store]
e_commerce_service;[services_and_business,professional_service,e_commerce_service]
ear_nose_and_throat;[health_care,outpatient_care_facility,specialized_health_care,ear_nose_and_throat]
east_african_restaurant;[food_and_drink,restaurant,african_restaurant,east_african_restaurant]
east_asian_restaurant;[food_and_drink,restaurant,asian_restaurant,east_asian_restaurant]
eastern_catholic_place_of_worship;[cultural_and_historic,place_of_worship,christian_place_of_worship,roman_catholic_place_of_worship,eastern_catholic_place_of_worship]
eastern_european_restaurant;[food_and_drink,restaurant,european_restaurant,eastern_european_restaurant]
eastern_orthodox_place_of_worship;[cultural_and_historic,place_of_worship,christian_place_of_worship,eastern_orthodox_place_of_worship]
eat_and_drink;[eat_and_drink]
eatertainment;[arts_and_entertainment,eatertainment]
eating_disorder_treatment_center;[health_care,specialized_medical_facility,eating_disorder_treatment_center]
eating_disorder_treatment_centers;[health_and_medical,abuse_and_addiction_treatment,eating_disorder_treatment_centers]
ecuadorian_restaurant;[food_and_drink,restaurant,latin_american_restaurant,south_american_restaurant,ecuadorian_restaurant]
editorial_service;[services_and_business,professional_service,editorial_service]
editorial_services;[professional_services,editorial_services]
education;[education]
education_office;[education,education_office]
educational_camp;[education,educational_facility,educational_camp]
educational_facility;[education,educational_facility]
educational_research_institute;[education,research_institute,educational_research_institute]
educational_service;[education,educational_service]
educational_services;[education,educational_services]
educational_supply_store;[shopping,specialty_store,educational_supply_store]
egyptian_restaurant;[food_and_drink,restaurant,african_restaurant,north_african_restaurant,egyptian_restaurant]
elder_care_planning;[services_and_business,family_service,elder_care_planning]
electric_utility_provider;[community_and_government,public_utility,electric_utility_provider]
electrical_consultant;[professional_services,electrical_consultant]
electrical_supply_store;[shopping,specialty_store,hardware_home_and_garden_store,electrical_supply_store]
electrical_wholesaler;[services_and_business,b2b_service,wholesaler,electrical_wholesaler]
electrician;[services_and_business,home_service,electrician]
electricity_supplier;[professional_services,utility_service,electricity_supplier]
electronic_equipment_supplier;[services_and_business,b2b_service,supplier_or_distributor,electronic_equipment_supplier]
electronic_parts_supplier;[services_and_business,b2b_service,supplier_or_distributor,electronic_parts_supplier]
electronics;[retail,shopping,electronics]
electronics_repair_shop;[services_and_business,technical_service,electronics_repair_shop]
electronics_store;[shopping,specialty_store,electronics_store]
elementary_school;[education,place_of_learning,school,elementary_school]
elevator_service;[services_and_business,technical_service,elevator_service]
embassy;[community_and_government,government_office,embassy]
embroidery_and_crochet;[retail,shopping,arts_and_crafts,embroidery_and_crochet]
embroidery_and_crochet_store;[shopping,specialty_store,arts_crafts_and_hobby_store,craft_store,embroidery_and_crochet_store]
emergency_department;[health_care,emergency_or_urgent_care_facility,emergency_department]
emergency_or_urgent_care_facility;[health_care,emergency_or_urgent_care_facility]
emergency_pet_hospital;[lifestyle_services,animal_or_pet_service,veterinary_care,emergency_pet_hospital]
emergency_roadside_service;[travel_and_transportation,vehicle_service,automotive_service,emergency_roadside_service]
emergency_service;[professional_services,emergency_service]
emissions_inspection;[travel_and_transportation,vehicle_service,automotive_service,emissions_inspection]
empanada_restaurant;[food_and_drink,restaurant,latin_american_restaurant,empanada_restaurant]
empanadas;[eat_and_drink,restaurant,empanadas]
employment_agencies;[professional_services,employment_agencies]
employment_agency;[services_and_business,professional_service,employment_agency]
employment_law;[services_and_business,legal_service,attorney_or_law_firm,employment_law]
ems_training;[health_care,medical_service,ems_training]
endocrinology;[health_care,outpatient_care_facility,specialized_health_care,endocrinology]
endodontics;[health_care,outpatient_care_facility,dental_clinic,endodontics]
endoscopy;[health_care,outpatient_care_facility,specialized_health_care,gastroenterology,endoscopy]
energy_company;[services_and_business,corporate_or_business_office,energy_company]
energy_management_and_conservation_consultants;[business_to_business,business_to_business_services,environmental_and_ecological_services_for_businesses,energy_management_and_conservation_consultants]
energy_management_service;[services_and_business,b2b_service,b2b_energy_and_utility_service,energy_management_service]
engine_repair_service;[travel_and_transportation,vehicle_service,automotive_service,automotive_repair,engine_repair_service]
engineering_school;[education,place_of_learning,college_university,engineering_school]
engineering_schools;[education,college_university,engineering_schools]
engineering_service;[services_and_business,building_or_construction_service,engineering_service]
engineering_services;[professional_services,construction_services,engineering_services]
engraving;[services_and_business,media_service,engraving]
entertainment_law;[services_and_business,legal_service,attorney_or_law_firm,entertainment_law]
environmental_abatement_service;[services_and_business,environmental_or_ecological_service,environmental_abatement_service]
environmental_abatement_services;[professional_services,environmental_abatement_services]
environmental_and_ecological_services_for_businesses;[business_to_business,business_to_business_services,environmental_and_ecological_services_for_businesses]
environmental_conservation_and_ecological_organizations;[business_to_business,business_to_business_services,environmental_and_ecological_services_for_businesses,environmental_conservation_and_ecological_organizations]
environmental_conservation_organization;[services_and_business,environmental_or_ecological_service,environmental_conservation_organization]
environmental_medicine;[health_care,outpatient_care_facility,specialized_health_care,preventive_medicine,environmental_medicine]
environmental_or_ecological_service;[services_and_business,environmental_or_ecological_service]
environmental_testing_service;[services_and_business,environmental_or_ecological_service,environmental_testing_service]
episcopal_church;[religious_organization,church_cathedral,episcopal_church]
equestrian_facility;[sports_and_recreation,sport_or_fitness_facility,horse_riding,equestrian_facility]
equine_service;[lifestyle_services,animal_or_pet_service,equine_service]
eritrean_orthodox_tewahedo_place_of_worship;[cultural_and_historic,place_of_worship,christian_place_of_worship,oriental_orthodox_place_of_worship,eritrean_orthodox_tewahedo_place_of_worship]
eritrean_restaurant;[food_and_drink,restaurant,african_restaurant,east_african_restaurant,eritrean_restaurant]
erotic_massage;[arts_and_entertainment,adult_entertainment,erotic_massage]
erotic_massage_venue;[arts_and_entertainment,nightlife_venue,adult_entertainment_venue,erotic_massage_venue]
escape_room;[arts_and_entertainment,gaming_venue,escape_room]
escape_rooms;[arts_and_entertainment,escape_rooms]
escrow_service;[services_and_business,real_estate_service,escrow_service]
escrow_services;[real_estate,real_estate_service,escrow_services]
esports_league;[sports_and_recreation,sport_league,esports_league]
esports_team;[sports_and_recreation,sport_team,esports_team]
estate_liquidation;[services_and_business,real_estate_service,estate_liquidation]
estate_planning_law;[services_and_business,legal_service,attorney_or_law_firm,estate_planning_law]
esthetician;[lifestyle_services,personal_or_beauty_service,skin_care_and_makeup,esthetician]
ethical_grocery;[retail,shopping,grocery_store,ethical_grocery]
ethical_grocery_store;[shopping,food_and_beverage_store,grocery_store,ethical_grocery_store]
ethiopian_orthodox_tewahedo_place_of_worship;[cultural_and_historic,place_of_worship,christian_place_of_worship,oriental_orthodox_place_of_worship,ethiopian_orthodox_tewahedo_place_of_worship]
ethiopian_restaurant;[food_and_drink,restaurant,african_restaurant,east_african_restaurant,ethiopian_restaurant]
european_restaurant;[food_and_drink,restaurant,european_restaurant]
ev_charging_station;[travel_and_transportation,fueling_station,ev_charging_station]
evangelical_church;[religious_organization,church_cathedral,evangelical_church]
event_or_party_service;[services_and_business,event_or_party_service]
event_photography_service;[services_and_business,media_service,photography_service,event_photography_service]
event_technology_service;[services_and_business,event_or_party_service,event_technology_service]
event_venue;[arts_and_entertainment,event_venue]
excavation_service;[services_and_business,home_service,excavation_service]
exhaust_and_muffler_repair;[travel_and_transportation,vehicle_service,automotive_service,automotive_repair,exhaust_and_muffler_repair]
exhibition_and_trade_center;[arts_and_entertainment,exhibition_and_trade_center]
exhibition_and_trade_fair_venue;[arts_and_entertainment,event_venue,exhibition_and_trade_fair_venue]
exporter;[services_and_business,b2b_service,supplier_or_distributor,import_export_service,exporter]
exporters;[business_to_business,business_to_business_services,international_business_and_trade_services,importer_and_exporter,exporters]
exterior_design;[services_and_business,home_service,exterior_design]
eyebrow_service;[lifestyle_services,personal_or_beauty_service,eyebrow_service]
eyelash_service;[lifestyle_services,personal_or_beauty_service,eyelash_service]
eyewear_and_optician;[retail,shopping,eyewear_and_optician]
eyewear_store;[shopping,fashion_and_apparel_store,eyewear_store]
fabric_store;[shopping,specialty_store,arts_crafts_and_hobby_store,fabric_store]
fabric_wholesaler;[services_and_business,b2b_service,wholesaler,fabric_wholesaler]
face_painting;[services_and_business,event_or_party_service,face_painting]
fair;[arts_and_entertainment,festival,fair]
fairgrounds;[arts_and_entertainment,festival_venue,fairgrounds]
falafel_restaurant;[food_and_drink,restaurant,middle_eastern_restaurant,falafel_restaurant]
family_counseling;[health_care,outpatient_care_facility,behavioral_or_mental_health_clinic,counseling,family_counseling]
family_practice;[health_care,outpatient_care_facility,primary_care_or_general_clinic,family_practice]
family_service;[services_and_business,family_service]
family_service_center;[services_and_business,family_service,family_service_center]
farm;[services_and_business,agricultural_service,farm]
farm_equipment_and_supply;[services_and_business,b2b_service,b2b_agriculture_service,b2b_farming,farm_equipment_and_supply]
farm_equipment_repair_service;[services_and_business,agricultural_service,farm_equipment_repair_service]
farm_insurance;[services_and_business,financial_service,insurance_agency,farm_insurance]
farmers_market;[shopping,market,farmers_market]
farming_equipment_and_supply_store;[shopping,specialty_store,farming_equipment_and_supply_store]
farming_equipment_store;[shopping,specialty_store,farming_equipment_and_supply_store,farming_equipment_store]
farming_service;[services_and_business,b2b_service,b2b_agriculture_service,b2b_farming,farming_service]
farming_services;[business_to_business,b2b_agriculture_and_food,b2b_farming,farming_services]
farrier_service;[lifestyle_services,animal_or_pet_service,equine_service,farrier_service]
farrier_services;[pets,pet_services,farrier_services]
fashion;[retail,shopping,fashion]
fashion_accessories_store;[shopping,fashion_and_apparel_store,fashion_accessories_store]
fashion_and_apparel_store;[shopping,fashion_and_apparel_store]
fashion_boutique;[shopping,fashion_and_apparel_store,fashion_boutique]
fast_food_restaurant;[food_and_drink,casual_eatery,fast_food_restaurant]
fastener_supplier;[services_and_business,b2b_service,supplier_or_distributor,fastener_supplier]
federal_government_offices;[public_service_and_government,federal_government_offices]
fence_and_gate_sales_service;[services_and_business,home_service,fence_and_gate_sales_service]
fencing_club;[sports_and_recreation,sport_or_recreation_club,fencing_club]
feng_shui;[services_and_business,home_service,feng_shui]
ferry_boat_company;[services_and_business,corporate_or_business_office,ferry_boat_company]
ferry_service;[travel_and_transportation,water_transport_facility_or_service,ferry_service]
fertility;[health_and_medical,doctor,fertility]
fertility_clinic;[health_care,specialized_medical_facility,fertility_clinic]
fertilizer_store;[services_and_business,b2b_service,b2b_agriculture_service,b2b_farming,farm_equipment_and_supply,fertilizer_store]
festival;[arts_and_entertainment,festival]
festival_venue;[arts_and_entertainment,festival_venue]
fidelity_and_surety_bonds;[services_and_business,financial_service,insurance_agency,fidelity_and_surety_bonds]
field_hockey_club;[sports_and_recreation,sport_or_recreation_club,hockey_club,field_hockey_club]
field_hockey_pitch;[sports_and_recreation,sport_or_fitness_facility,sport_field,hockey_field,field_hockey_pitch]
fijian_restaurant;[food_and_drink,restaurant,pacific_rim_restaurant,melanesian_restaurant,fijian_restaurant]
filipino_restaurant;[food_and_drink,restaurant,asian_restaurant,southeast_asian_restaurant,filipino_restaurant]
film_festival_venue;[arts_and_entertainment,festival_venue,film_festival_venue]
film_festivals_and_organizations;[arts_and_entertainment,festival,film_festivals_and_organizations]
financial_advising;[services_and_business,financial_service,financial_advising]
financial_service;[services_and_business,financial_service]
fingerprinting_service;[services_and_business,security_service,fingerprinting_service]
finnish_restaurant;[food_and_drink,restaurant,european_restaurant,scandinavian_restaurant,finnish_restaurant]
fire_and_water_damage_restoration;[services_and_business,home_service,damage_restoration,fire_and_water_damage_restoration]
fire_protection_service;[services_and_business,home_service,fire_protection_service]
fire_station;[community_and_government,public_safety_service,fire_station]
firearm_training;[education,place_of_learning,specialty_school,firearm_training]
fireplace_service;[services_and_business,home_service,fireplace_service]
firewood;[services_and_business,home_service,firewood]
firework_retailer;[retail,shopping,firework_retailer]
fireworks_store;[shopping,specialty_store,fireworks_store]
first_aid_class;[education,place_of_learning,specialty_school,first_aid_class]
fischbrotchen_restaurant;[food_and_drink,restaurant,european_restaurant,central_european_restaurant,german_restaurant,fischbrotchen_restaurant]
fish_and_chips_restaurant;[food_and_drink,restaurant,seafood_restaurant,fish_and_chips_restaurant]
fish_farm;[services_and_business,b2b_service,b2b_agriculture_service,fish_farm_hatchery,fish_farm]
fish_farm_hatchery;[services_and_business,b2b_service,b2b_agriculture_service,fish_farm_hatchery]
fish_farms_and_hatcheries;[business_to_business,b2b_agriculture_and_food,fish_farms_and_hatcheries]
fish_restaurant;[food_and_drink,restaurant,seafood_restaurant,fish_restaurant]
fishchbroetchen_restaurant;[eat_and_drink,restaurant,fischbroetchen_restaurant]
fishing;[sports_and_recreation,sport_or_fitness_facility,water_sport,fishing]
fishing_area;[sports_and_recreation,sport_or_fitness_facility,water_sport,fishing,fishing_area]
fishing_charter;[sports_and_recreation,sport_or_fitness_facility,water_sport,fishing,fishing_charter]
fishing_club;[sports_and_recreation,sport_or_recreation_club,fishing_club]
fishmonger;[shopping,food_and_beverage_store,fishmonger]
fitness_equipment_wholesaler;[services_and_business,b2b_service,wholesaler,fitness_equipment_wholesaler]
fitness_exercise_equipment;[retail,shopping,fitness_exercise_equipment]
fitness_exercise_store;[shopping,specialty_store,sporting_goods_store,fitness_exercise_store]
fitness_studio;[sports_and_recreation,sport_or_fitness_facility,fitness_studio]
fitness_trainer;[sports_and_recreation,sport_or_fitness_facility,fitness_trainer]
flatbread;[retail,food,bakery,flatbread]
flatbread_restaurant;[eat_and_drink,restaurant,flatbread_restaurant]
flatbread_shop;[food_and_drink,casual_eatery,bakery,flatbread_shop]
flea_market;[shopping,second_hand_store,flea_market]
flight_school;[education,place_of_learning,specialty_school,flight_school]
float_spa;[lifestyle_services,wellness_service,spa,float_spa]
flooring_contractor;[services_and_business,home_service,contractor,flooring_contractor]
flooring_contractors;[home_service,contractor,flooring_contractors]
flooring_store;[shopping,specialty_store,hardware_home_and_garden_store,flooring_store]
floral_designer;[services_and_business,event_or_party_service,floral_designer]
florist;[shopping,specialty_store,flowers_and_gifts_store,florist]
flour_mill;[services_and_business,b2b_service,manufacturer,mill,flour_mill]
flower_market;[shopping,specialty_store,flowers_and_gifts_store,flower_market]
flower_markets;[retail,shopping,flower_markets]
flowers_and_gifts_store;[shopping,specialty_store,flowers_and_gifts_store]
flyboarding_center;[sports_and_recreation,sport_or_fitness_facility,flyboarding_center]
flyboarding_rental;[sports_and_recreation,sport_or_fitness_facility,flyboarding_rental]
fmcg_wholesaler;[services_and_business,b2b_service,wholesaler,fmcg_wholesaler]
fondue_restaurant;[food_and_drink,casual_eatery,fondue_restaurant]
food;[retail,food]
food_and_beverage_consultant;[services_and_business,professional_service,food_and_beverage_consultant]
food_and_beverage_exporter;[services_and_business,b2b_service,supplier_or_distributor,import_export_service,exporter,food_and_beverage_exporter]
food_and_beverage_store;[shopping,food_and_beverage_store]
food_and_drink;[food_and_drink]
food_bank;[community_and_government,social_or_community_service,food_bank]
food_banks;[public_service_and_government,organization,social_service_organizations,food_banks]
food_beverage_distributor;[services_and_business,b2b_service,supplier_or_distributor,food_beverage_distributor]
food_beverage_service_distribution;[business_to_business,business,food_beverage_service_distribution]
food_consultant;[lifestyle_services,food_service,food_consultant]
food_court;[food_and_drink,casual_eatery,food_court]
food_delivery_service;[lifestyle_services,food_service,food_delivery_service]
food_safety_training;[education,place_of_learning,specialty_school,food_safety_training]
food_service;[lifestyle_services,food_service]
food_tour;[travel_and_transportation,travel_service,tour_operator,food_tour]
food_tours;[travel,tours,food_tours]
food_truck_stand;[food_and_drink,casual_eatery,food_truck_stand]
foot_care;[lifestyle_services,personal_or_beauty_service,foot_care]
football_club;[sports_and_recreation,sport_or_recreation_club,football_club]
football_stadium;[arts_and_entertainment,stadium_arena,stadium,football_stadium]
footwear_wholesaler;[services_and_business,b2b_service,wholesaler,footwear_wholesaler]
forest;[geographic_entities,land_feature,forest]
forestry_consultants;[business_to_business,business_to_business_services,environmental_and_ecological_services_for_businesses,forestry_consultants]
forestry_service;[services_and_business,environmental_or_ecological_service,forestry_service]
forklift_dealer;[shopping,vehicle_dealer,forklift_dealer]
formal_wear_store;[shopping,fashion_and_apparel_store,clothing_store,formal_wear_store]
fort;[cultural_and_historic,historic_site,fort]
fortune_telling;[arts_and_entertainment,spiritual_advising,fortune_telling]
foster_care_service;[community_and_government,social_or_community_service,foster_care_service]
foster_care_services;[public_service_and_government,organization,social_service_organizations,foster_care_services]
foundation_repair;[services_and_business,home_service,foundation_repair]
framing_store;[shopping,specialty_store,arts_crafts_and_hobby_store,framing_store]
fraternal_organization;[arts_and_entertainment,social_club,fraternal_organization]
free_diving_center;[sports_and_recreation,sport_or_fitness_facility,diving_center,free_diving_center]
free_diving_instruction;[sports_and_recreation,sport_or_fitness_facility,diving_instruction,free_diving_instruction]
freight_and_cargo_service;[services_and_business,b2b_service,b2b_transportation_and_storage_service,freight_and_cargo_service]
freight_forwarding_agency;[services_and_business,b2b_service,b2b_transportation_and_storage_service,freight_and_cargo_service,freight_forwarding_agency]
french_restaurant;[food_and_drink,restaurant,european_restaurant,western_european_restaurant,french_restaurant]
friterie;[food_and_drink,casual_eatery,friterie]
frozen_foods;[retail,food,specialty_foods,frozen_foods]
frozen_foods_store;[shopping,food_and_beverage_store,specialty_foods_store,frozen_foods_store]
frozen_yoghurt_shop;[retail,food,ice_cream_and_frozen_yoghurt,frozen_yoghurt_shop]
frozen_yogurt_shop;[food_and_drink,casual_eatery,dessert_shop,frozen_yogurt_shop]
fruits_and_vegetables;[retail,food,fruits_and_vegetables]
fuel_dock;[travel_and_transportation,fueling_station,gas_station,fuel_dock]
fueling_station;[travel_and_transportation,fueling_station]
fujian_restaurant;[food_and_drink,restaurant,asian_restaurant,east_asian_restaurant,chinese_restaurant,fujian_restaurant]
funeral_service;[services_and_business,family_service,funeral_service]
funeral_services_and_cemeteries;[professional_services,funeral_services_and_cemeteries]
fur_clothing;[shopping,fashion_and_apparel_store,clothing_store,fur_clothing]
furniture_accessory_store;[shopping,specialty_store,hardware_home_and_garden_store,furniture_accessory_store]
furniture_assembly;[services_and_business,home_service,furniture_assembly]
furniture_manufacturer;[services_and_business,b2b_service,manufacturer,furniture_manufacturer]
furniture_manufacturers;[business_to_business,business_manufacturing_and_supply,b2b_furniture_and_housewares,furniture_manufacturers]
furniture_rental_service;[services_and_business,home_service,furniture_rental_service]
furniture_repair;[services_and_business,home_service,furniture_repair]
furniture_reupholstery;[services_and_business,home_service,furniture_reupholstery]
furniture_store;[shopping,specialty_store,hardware_home_and_garden_store,furniture_store]
furniture_wholesaler;[services_and_business,b2b_service,wholesaler,furniture_wholesaler]
furniture_wholesalers;[business_to_business,business_manufacturing_and_supply,b2b_furniture_and_housewares,furniture_wholesalers]
futsal_field;[sports_and_recreation,sport_or_fitness_facility,sport_field,futsal_field]
game_publisher;[services_and_business,media_service,media_news_company,game_publisher]
game_truck_rental;[services_and_business,event_or_party_service,game_truck_rental]
gaming_venue;[arts_and_entertainment,gaming_venue]
garage_door_service;[services_and_business,home_service,garage_door_service]
garbage_collection_service;[community_and_government,public_utility,garbage_collection_service]
garden;[geographic_entities,built_feature,garden]
gardener;[services_and_business,home_service,landscaping,gardener]
gas_station;[travel_and_transportation,fueling_station,gas_station]
gastroenterology;[health_care,outpatient_care_facility,specialized_health_care,gastroenterology]
gastropub;[food_and_drink,casual_eatery,gastropub]
gay_and_lesbian_services_organization;[community_and_government,social_or_community_service,gay_and_lesbian_services_organization]
gay_bar;[food_and_drink,alcoholic_beverage_venue,bar,gay_bar]
gelato;[retail,food,ice_cream_and_frozen_yoghurt,gelato]
gelato_shop;[food_and_drink,casual_eatery,dessert_shop,gelato_shop]
gemstone_and_mineral;[retail,shopping,gemstone_and_mineral]
gemstone_and_mineral_store;[shopping,specialty_store,gemstone_and_mineral_store]
genealogist;[services_and_business,family_service,genealogist]
genealogists;[professional_services,genealogists]
general_dentistry;[health_care,outpatient_care_facility,dental_clinic,general_dentistry]
general_festivals;[arts_and_entertainment,festival,general_festivals]
general_hospital;[health_care,hospital,general_hospital]
general_litigation;[services_and_business,legal_service,attorney_or_law_firm,general_litigation]
general_pediatrics;[health_care,outpatient_care_facility,pediatric_clinic,general_pediatrics]
generator_installation_repair;[services_and_business,technical_service,generator_installation_repair]
genetics;[health_care,outpatient_care_facility,specialized_health_care,genetics]
gents_tailor;[professional_services,sewing_and_alterations,gents_tailor]
geographic_entities;[geographic_entities]
geologic_formation;[geographic_entities,land_feature,geologic_formation]
geological_service;[services_and_business,b2b_service,b2b_environmental_service,geological_service]
geological_services;[business_to_business,business_to_business_services,environmental_and_ecological_services_for_businesses,geological_services]
georgian_orthodox_place_of_worship;[cultural_and_historic,place_of_worship,christian_place_of_worship,eastern_orthodox_place_of_worship,georgian_orthodox_place_of_worship]
georgian_restaurant;[food_and_drink,restaurant,middle_eastern_restaurant,georgian_restaurant]
geriatric_medicine;[health_care,outpatient_care_facility,specialized_health_care,geriatric_medicine]
geriatric_psychiatry;[health_care,outpatient_care_facility,behavioral_or_mental_health_clinic,psychiatry_or_psychology_service,psychiatry,geriatric_psychiatry]
german_restaurant;[food_and_drink,restaurant,european_restaurant,central_european_restaurant,german_restaurant]
gerontology;[health_care,outpatient_care_facility,specialized_health_care,genetics,gerontology]
ghanaian_restaurant;[food_and_drink,restaurant,african_restaurant,west_african_restaurant,ghanaian_restaurant]
gift_shop;[shopping,specialty_store,flowers_and_gifts_store,gift_shop]
glass_and_mirror_sales_service;[services_and_business,home_service,glass_and_mirror_sales_service]
glass_blowing;[arts_and_entertainment,glass_blowing]
glass_blowing_venue;[arts_and_entertainment,arts_and_crafts_space,glass_blowing_venue]
glass_manufacturer;[services_and_business,b2b_service,manufacturer,glass_manufacturer]
glider_port;[travel_and_transportation,air_transport_facility_or_service,airport,glider_port]
gliderports;[travel,airport,gliderports]
gluten_free_restaurant;[food_and_drink,restaurant,special_diet_restaurant,gluten_free_restaurant]
go_kart_club;[sports_and_recreation,sport_or_recreation_club,go_kart_club]
go_kart_track;[sports_and_recreation,sport_or_fitness_facility,race_track,go_kart_track]
gold_buyer;[services_and_business,financial_service,gold_buyer]
goldsmith;[shopping,fashion_and_apparel_store,jewelry_store,goldsmith]
golf_cart_dealer;[shopping,vehicle_dealer,golf_cart_dealer]
golf_cart_rental;[services_and_business,event_or_party_service,golf_cart_rental]
golf_club;[sports_and_recreation,sport_or_recreation_club,golf_club]
golf_course;[sports_and_recreation,sport_or_fitness_facility,golf_course]
golf_equipment;[retail,shopping,sporting_goods,golf_equipment]
golf_equipment_store;[shopping,specialty_store,sporting_goods_store,golf_equipment_store]
golf_instructor;[sports_and_recreation,sport_or_fitness_facility,golf_instructor]
government_department;[community_and_government,government_office,government_department]
government_office;[community_and_government,government_office]
government_services;[public_service_and_government,government_services]
grain_elevator;[services_and_business,b2b_service,b2b_agriculture_service,b2b_farming,farm_equipment_and_supply,grain_elevator]
grain_elevators;[business_to_business,b2b_agriculture_and_food,b2b_farming,farm_equipment_and_supply,grain_elevators]
grain_production;[services_and_business,b2b_service,b2b_agriculture_service,crops_production,grain_production]
granite_supplier;[services_and_business,b2b_service,supplier_or_distributor,granite_supplier]
graphic_designer;[services_and_business,design_service,graphic_designer]
gravel_professional;[services_and_business,building_or_construction_service,gravel_professional]
gravel_professionals;[professional_services,construction_services,stone_and_masonry,gravel_professionals]
greek_orthodox_place_of_worship;[cultural_and_historic,place_of_worship,christian_place_of_worship,eastern_orthodox_place_of_worship,greek_orthodox_place_of_worship]
greek_restaurant;[food_and_drink,restaurant,european_restaurant,mediterranean_restaurant,greek_restaurant]
greengrocer;[services_and_business,b2b_service,wholesaler,greengrocer]
greenhouse;[services_and_business,b2b_service,b2b_agriculture_service,b2b_farming,farm_equipment_and_supply,greenhouse]
greenhouses;[business_to_business,b2b_agriculture_and_food,b2b_farming,farm_equipment_and_supply,greenhouses]
grilling_equipment;[retail,shopping,home_and_garden,grilling_equipment]
grilling_equipment_store;[shopping,specialty_store,hardware_home_and_garden_store,grilling_equipment_store]
grocery_store;[shopping,food_and_beverage_store,grocery_store]
ground_transport_facility_or_service;[travel_and_transportation,ground_transport_facility_or_service]
grout_service;[services_and_business,home_service,grout_service]
guamanian_restaurant;[food_and_drink,restaurant,pacific_rim_restaurant,micronesian_restaurant,guamanian_restaurant]
guatemalan_restaurant;[food_and_drink,restaurant,latin_american_restaurant,central_american_restaurant,guatemalan_restaurant]
guest_house;[lodging,private_lodging,guest_house]
guitar_store;[shopping,specialty_store,musical_instrument_and_pro_audio_store,musical_instrument_store,guitar_store]
gujarati_restaurant;[food_and_drink,restaurant,asian_restaurant,south_asian_restaurant,indian_restaurant,gujarati_restaurant]
gun_and_ammo;[retail,shopping,gun_and_ammo]
gun_and_ammo_store;[shopping,specialty_store,gun_and_ammo_store]
gunsmith;[shopping,specialty_store,gun_and_ammo_store,gunsmith]
gutter_service;[services_and_business,home_service,gutter_service]
gym;[sports_and_recreation,sport_or_fitness_facility,gym]
gymnastics_center;[sports_and_recreation,sport_or_fitness_facility,gymnastics_center]
gymnastics_club;[sports_and_recreation,sport_or_recreation_club,gymnastics_club]
hair_color_bar;[lifestyle_services,personal_or_beauty_service,hair_salon,hair_color_bar]
hair_extensions;[lifestyle_services,personal_or_beauty_service,hair_replacement,hair_extensions]
hair_loss_center;[lifestyle_services,personal_or_beauty_service,hair_replacement,hair_loss_center]
hair_removal;[lifestyle_services,personal_or_beauty_service,hair_removal]
hair_replacement;[lifestyle_services,personal_or_beauty_service,hair_replacement]
hair_salon;[lifestyle_services,personal_or_beauty_service,hair_salon]
hair_stylist;[lifestyle_services,personal_or_beauty_service,hair_salon,hair_stylist]
hair_supply_store;[shopping,specialty_store,personal_care_and_beauty_store,beauty_supply_store,hair_supply_store]
hair_supply_stores;[retail,shopping,cosmetic_and_beauty_supplies,hair_supply_stores]
haitian_restaurant;[food_and_drink,restaurant,latin_american_restaurant,caribbean_restaurant,haitian_restaurant]
halal_restaurant;[food_and_drink,restaurant,special_diet_restaurant,halal_restaurant]
halfway_house;[services_and_business,housing_or_property_service,halfway_house]
halotherapy;[lifestyle_services,wellness_service,halotherapy]
handbag_store;[shopping,fashion_and_apparel_store,fashion_accessories_store,handbag_store]
handbag_stores;[retail,shopping,fashion,fashion_accessories_store,handbag_stores]
handball_court;[sports_and_recreation,sport_or_fitness_facility,sport_court,handball_court]
handicraft_shop;[retail,shopping,arts_and_crafts,handicraft_shop]
handyman;[services_and_business,home_service,handyman]
hang_gliding_center;[sports_and_recreation,sport_or_fitness_facility,hang_gliding_center]
hardware_and_fastener_manufacturer;[services_and_business,b2b_service,manufacturer,hardware_and_fastener_manufacturer]
hardware_home_and_garden_store;[shopping,specialty_store,hardware_home_and_garden_store]
hardware_store;[shopping,specialty_store,hardware_home_and_garden_store,hardware_store]
hat_shop;[retail,shopping,fashion,hat_shop]
hat_store;[shopping,fashion_and_apparel_store,fashion_accessories_store,hat_store]
haunted_house;[arts_and_entertainment,amusement_attraction,haunted_house]
haute_cuisine_restaurant;[food_and_drink,restaurant,haute_cuisine_restaurant]
hawaiian_restaurant;[food_and_drink,restaurant,pacific_rim_restaurant,polynesian_restaurant,hawaiian_restaurant]
hazardous_waste_disposal;[services_and_business,industrial_facility_or_service,hazardous_waste_disposal]
health_and_medical;[health_and_medical]
health_and_wellness_club;[lifestyle_services,wellness_service,health_and_wellness_club]
health_care;[health_care]
health_coach;[health_and_medical,health_coach]
health_coaching;[lifestyle_services,wellness_service,health_coaching]
health_consultant;[active_life,sports_and_fitness_instruction,health_consultant]
health_department;[community_and_government,government_office,government_department,health_department]
health_food_restaurant;[food_and_drink,restaurant,special_diet_restaurant,health_food_restaurant]
health_food_store;[shopping,food_and_beverage_store,health_food_store]
health_insurance_office;[health_care,medical_service,health_insurance_office]
health_market;[shopping,market,health_market]
health_retreat;[lodging,retreat,health_retreat]
health_retreats;[accommodation,health_retreats]
health_spa;[lifestyle_services,wellness_service,spa,health_spa]
hearing_aid_provider;[retail,hearing_aid_provider]
hearing_aid_store;[shopping,specialty_store,medical_supply_store,hearing_aid_store]
hearing_aids;[retail,shopping,medical_supply,hearing_aids]
heliport;[travel_and_transportation,air_transport_facility_or_service,airport,heliport]
heliports;[travel,airport,heliports]
hematology;[health_care,outpatient_care_facility,specialized_health_care,internal_medicine,oncology,hematology]
henna_artist;[services_and_business,event_or_party_service,henna_artist]
hepatology;[health_care,outpatient_care_facility,specialized_health_care,gastroenterology,hepatology]
herb_and_spice_shop;[retail,herb_and_spice_shop]
herb_and_spice_store;[shopping,food_and_beverage_store,herb_and_spice_store]
herbal_shop;[retail,shopping,herbal_shop]
high_gliding_center;[sports_and_recreation,sport_or_fitness_facility,adventure_sport,high_gliding_center]
high_school;[education,place_of_learning,school,high_school]
hiking_trail;[sports_and_recreation,recreational_trail_or_path,hiking_trail]
hill;[geographic_entities,land_feature,hill]
himalayan_nepalese_restaurant;[eat_and_drink,restaurant,himalayan_nepalese_restaurant]
himalayan_restaurant;[food_and_drink,restaurant,asian_restaurant,south_asian_restaurant,himalayan_restaurant]
hindu_ashram;[cultural_and_historic,religious_retreat_or_center,hindu_ashram]
hindu_goods_store;[shopping,specialty_store,religious_and_spiritual_goods_store,hindu_goods_store]
hindu_pilgrimage_site;[cultural_and_historic,religious_landmark,pilgrimage_site,hindu_pilgrimage_site]
hindu_place_of_worship;[cultural_and_historic,place_of_worship,hindu_place_of_worship]
hindu_temple;[religious_organization,hindu_temple]
historic_mission;[cultural_and_historic,historic_site,historic_mission]
historic_site;[cultural_and_historic,historic_site]
historic_tower;[cultural_and_historic,historic_site,historic_tower]
historical_tour;[travel_and_transportation,travel_service,tour_operator,historical_tour]
historical_tours;[travel,tours,historical_tours]
history_museum;[arts_and_entertainment,museum,history_museum]
hobby_shop;[shopping,specialty_store,arts_crafts_and_hobby_store,hobby_shop]
hockey_arena;[arts_and_entertainment,stadium_arena,stadium,hockey_arena]
hockey_club;[sports_and_recreation,sport_or_recreation_club,hockey_club]
hockey_equipment;[retail,shopping,sporting_goods,hockey_equipment]
hockey_equipment_store;[shopping,specialty_store,sporting_goods_store,hockey_equipment_store]
hockey_field;[sports_and_recreation,sport_or_fitness_facility,sport_field,hockey_field]
hockey_rink;[sports_and_recreation,sport_or_fitness_facility,hockey_rink]
holding_companies;[financial_service,holding_companies]
holding_company;[services_and_business,financial_service,holding_company]
holiday_decor;[retail,shopping,home_and_garden,holiday_decor]
holiday_decor_store;[shopping,specialty_store,hardware_home_and_garden_store,holiday_decor_store]
holiday_decorating;[home_service,holiday_decorating]
holiday_decorating_service;[services_and_business,home_service,holiday_decorating_service]
holiday_market;[shopping,market,holiday_market]
holiday_park;[lodging,holiday_park]
holiday_rental_home;[lodging,private_lodging,holiday_rental_home]
holistic_animal_care;[lifestyle_services,animal_or_pet_service,veterinary_care,holistic_animal_care]
home_and_garden;[retail,shopping,home_and_garden]
home_and_rental_insurance;[services_and_business,financial_service,insurance_agency,home_and_rental_insurance]
home_automation;[services_and_business,home_service,home_automation]
home_cleaning;[services_and_business,home_service,home_cleaning]
home_decor;[retail,shopping,home_and_garden,home_decor]
home_decor_store;[shopping,specialty_store,hardware_home_and_garden_store,home_decor_store]
home_developer;[services_and_business,real_estate_service,builder,home_developer]
home_energy_auditor;[services_and_business,home_service,home_energy_auditor]
home_goods_store;[shopping,specialty_store,hardware_home_and_garden_store,home_goods_store]
home_health_care;[health_care,medical_service,home_health_care]
home_improvement_store;[shopping,specialty_store,hardware_home_and_garden_store,home_improvement_store]
home_inspector;[services_and_business,home_service,home_inspector]
home_network_installation;[services_and_business,home_service,home_network_installation]
home_organization;[services_and_business,real_estate_service,home_organization]
home_security;[services_and_business,home_service,home_security]
home_service;[services_and_business,home_service]
home_staging;[services_and_business,real_estate_service,home_staging]
home_theater_systems_stores;[shopping,specialty_store,electronics_store,home_theater_systems_stores]
home_theatre_systems_stores;[home_theatre_systems_stores]
home_window_tinting;[services_and_business,home_service,home_window_tinting]
homeless_shelter;[community_and_government,social_or_community_service,homeless_shelter]
homeopathy;[health_care,outpatient_care_facility,complementary_and_alternative_medicine,homeopathy]
homeowner_association;[services_and_business,real_estate_service,homeowner_association]
honduran_restaurant;[food_and_drink,restaurant,latin_american_restaurant,central_american_restaurant,honduran_restaurant]
honey_farm_shop;[shopping,food_and_beverage_store,honey_farm_shop]
hong_kong_style_cafe;[food_and_drink,casual_eatery,cafe,hong_kong_style_cafe]
hookah_bar;[food_and_drink,alcoholic_beverage_venue,bar,hookah_bar]
horse_boarding;[lifestyle_services,animal_or_pet_service,equine_service,horse_boarding]
horse_equipment_shop;[shopping,specialty_store,animal_and_pet_store,horse_equipment_shop]
horse_racing_track;[sports_and_recreation,sport_or_fitness_facility,race_track,horse_racing_track]
horse_riding;[sports_and_recreation,sport_or_fitness_facility,horse_riding]
horse_trainer;[lifestyle_services,animal_or_pet_service,equine_service,horse_trainer]
horseback_riding_service;[sports_and_recreation,sport_or_fitness_facility,horseback_riding_service]
hospice;[health_care,medical_service,hospice]
hospital;[health_care,hospital]
hostel;[lodging,hostel]
hot_air_balloons_tour;[travel_and_transportation,travel_service,tour_operator,hot_air_balloons_tour]
hot_dog_restaurant;[food_and_drink,restaurant,meat_restaurant,hot_dog_restaurant]
hot_springs;[geographic_entities,water_feature,hot_springs]
hot_tub_and_pool_store;[shopping,specialty_store,hardware_home_and_garden_store,hot_tub_and_pool_store]
hot_tubs_and_pools;[retail,shopping,home_and_garden,hot_tubs_and_pools]
hotel;[lodging,hotel]
hotel_bar;[food_and_drink,alcoholic_beverage_venue,bar,hotel_bar]
hotel_supply_service;[services_and_business,b2b_service,supplier_or_distributor,hotel_supply_service]
house_sitting;[services_and_business,home_service,house_sitting]
houseboat;[lodging,houseboat]
housing_authorities;[public_service_and_government,organization,social_service_organizations,housing_authorities]
housing_authority;[community_and_government,social_or_community_service,housing_authority]
housing_cooperative;[services_and_business,real_estate_service,housing_cooperative]
housing_or_property_service;[services_and_business,housing_or_property_service]
human_resource_services;[business_to_business,business_to_business_services,human_resource_services]
hunan_restaurant;[food_and_drink,restaurant,asian_restaurant,east_asian_restaurant,chinese_restaurant,hunan_restaurant]
hungarian_restaurant;[food_and_drink,restaurant,european_restaurant,central_european_restaurant,hungarian_restaurant]
hunting_and_fishing_store;[shopping,specialty_store,sporting_goods_store,hunting_and_fishing_store]
hunting_and_fishing_supplies;[retail,shopping,sporting_goods,hunting_and_fishing_supplies]
hvac_service;[services_and_business,home_service,hvac_service]
hvac_services;[home_service,hvac_services]
hvac_supplier;[services_and_business,b2b_service,supplier_or_distributor,hvac_supplier]
hybrid_car_repair;[travel_and_transportation,vehicle_service,automotive_service,automotive_repair,hybrid_car_repair]
hyderabadi_restaurant;[food_and_drink,restaurant,asian_restaurant,south_asian_restaurant,indian_restaurant,hyderabadi_restaurant]
hydraulic_equipment_supplier;[services_and_business,b2b_service,supplier_or_distributor,hydraulic_equipment_supplier]
hydraulic_repair_service;[services_and_business,technical_service,hydraulic_repair_service]
hydro_jetting;[services_and_business,home_service,hydro_jetting]
hydroponic_gardening;[retail,shopping,home_and_garden,nursery_and_gardening,hydroponic_gardening]
hydroponic_gardening_store;[shopping,specialty_store,hardware_home_and_garden_store,nursery_and_gardening_store,hydroponic_gardening_store]
hydrotherapy;[lifestyle_services,wellness_service,hydrotherapy]
hyperbaric_medicine;[health_care,outpatient_care_facility,specialized_health_care,preventive_medicine,hyperbaric_medicine]
hypnosis_hypnotherapy;[health_and_medical,hypnosis_hypnotherapy]
hypnotherapy;[health_care,outpatient_care_facility,behavioral_or_mental_health_clinic,psychiatry_or_psychology_service,psychotherapy,hypnotherapy]
ibadi_muslim_place_of_worship;[cultural_and_historic,place_of_worship,muslim_place_of_worship,ibadi_muslim_place_of_worship]
iberian_restaurant;[food_and_drink,restaurant,european_restaurant,iberian_restaurant]
ice_cream_and_frozen_yoghurt;[retail,food,ice_cream_and_frozen_yoghurt]
ice_cream_shop;[food_and_drink,casual_eatery,dessert_shop,ice_cream_shop]
ice_hockey_club;[sports_and_recreation,sport_or_recreation_club,hockey_club,ice_hockey_club]
ice_hockey_rink;[sports_and_recreation,sport_or_fitness_facility,hockey_rink,ice_hockey_rink]
ice_skating_rink;[sports_and_recreation,sport_or_fitness_facility,skating_rink,ice_skating_rink]
ice_supplier;[services_and_business,b2b_service,supplier_or_distributor,ice_supplier]
icelandic_restaurant;[food_and_drink,restaurant,european_restaurant,scandinavian_restaurant,icelandic_restaurant]
image_consultant;[lifestyle_services,personal_or_beauty_service,image_consultant]
immigration_and_naturalization_office;[community_and_government,government_office,immigration_and_naturalization_office]
immigration_assistance_service;[services_and_business,professional_service,immigration_assistance_service]
immigration_assistance_services;[professional_services,immigration_assistance_services]
immigration_law;[services_and_business,legal_service,attorney_or_law_firm,immigration_law]
immunodermatology;[health_care,outpatient_care_facility,specialized_health_care,medical_skin_care,dermatology,immunodermatology]
import_export_service;[services_and_business,b2b_service,supplier_or_distributor,import_export_service]
imported_food;[retail,food,imported_food]
imported_food_store;[shopping,food_and_beverage_store,imported_food_store]
importer;[services_and_business,b2b_service,supplier_or_distributor,import_export_service,importer]
importer_and_exporter;[business_to_business,business_to_business_services,international_business_and_trade_services,importer_and_exporter]
importers;[business_to_business,business_to_business_services,international_business_and_trade_services,importer_and_exporter,importers]
indian_grocery_store;[shopping,food_and_beverage_store,grocery_store,indian_grocery_store]
indian_restaurant;[food_and_drink,restaurant,asian_restaurant,south_asian_restaurant,indian_restaurant]
indian_sweets_shop;[food_and_drink,casual_eatery,candy_store,indian_sweets_shop]
indo_chinese_restaurant;[food_and_drink,restaurant,asian_restaurant,east_asian_restaurant,chinese_restaurant,indo_chinese_restaurant]
indonesian_restaurant;[food_and_drink,restaurant,asian_restaurant,southeast_asian_restaurant,indonesian_restaurant]
indoor_golf_center;[sports_and_recreation,sport_or_recreation_club,golf_club,indoor_golf_center]
indoor_landscaping;[services_and_business,home_service,indoor_landscaping]
indoor_playcenter;[sports_and_recreation,sport_or_fitness_facility,indoor_playcenter]
industrial_cleaning_service;[services_and_business,professional_service,cleaning_service,industrial_cleaning_service]
industrial_cleaning_services;[professional_services,cleaning_services,industrial_cleaning_services]
industrial_company;[services_and_business,corporate_or_business_office,industrial_company]
industrial_equipment_manufacturer;[services_and_business,b2b_service,manufacturer,machinery_and_tool_manufacturer,industrial_equipment_manufacturer]
industrial_facility_or_service;[services_and_business,industrial_facility_or_service]
industrial_spares_and_products_wholesaler;[services_and_business,b2b_service,wholesaler,industrial_spares_and_products_wholesaler]
infectious_disease;[health_care,outpatient_care_facility,specialized_health_care,internal_medicine,infectious_disease]
information_technology_company;[services_and_business,corporate_or_business_office,information_technology_company]
inn;[lodging,inn]
inspection_service;[services_and_business,building_or_construction_service,inspection_service]
inspection_services;[professional_services,construction_services,inspection_services]
installment_loans;[services_and_business,financial_service,installment_loans]
instrumentation_engineer;[services_and_business,building_or_construction_service,instrumentation_engineer]
instrumentation_engineers;[professional_services,construction_services,engineering_services,instrumentation_engineers]
insulation_installation;[services_and_business,home_service,insulation_installation]
insurance_agency;[services_and_business,financial_service,insurance_agency]
interior_design;[services_and_business,home_service,interior_design]
internal_medicine;[health_care,outpatient_care_facility,specialized_health_care,internal_medicine]
international_business_and_trade_services;[business_to_business,business_to_business_services,international_business_and_trade_services]
international_fusion_restaurant;[food_and_drink,restaurant,international_fusion_restaurant]
international_grocery_store;[shopping,food_and_beverage_store,grocery_store,international_grocery_store]
international_restaurant;[eat_and_drink,restaurant,international_restaurant]
internet_cafe;[food_and_drink,casual_eatery,cafe,internet_cafe]
internet_marketing_service;[services_and_business,professional_service,internet_marketing_service]
internet_service_provider;[services_and_business,technical_service,internet_service_provider]
inventory_control_service;[services_and_business,b2b_service,b2b_industrial_and_machine_service,inventory_control_service]
investing;[services_and_business,financial_service,investing]
investment_management_company;[services_and_business,financial_service,investment_management_company]
ip_and_internet_law;[services_and_business,legal_service,attorney_or_law_firm,ip_and_internet_law]
irish_pub;[food_and_drink,alcoholic_beverage_venue,bar,pub,irish_pub]
irish_restaurant;[food_and_drink,restaurant,european_restaurant,western_european_restaurant,irish_restaurant]
iron_and_steel_industry;[business_to_business,business_manufacturing_and_supply,metals,metal_fabricator,iron_and_steel_industry]
iron_and_steel_store;[services_and_business,b2b_service,wholesaler,iron_and_steel_store]
iron_fabricator;[services_and_business,b2b_service,manufacturer,metal_fabricator,iron_fabricator]
ironworker;[services_and_business,building_or_construction_service,ironworker]
ironworkers;[professional_services,construction_services,metal_materials_and_experts,ironworkers]
irrigation;[home_service,irrigation]
irrigation_companies;[business_to_business,b2b_agriculture_and_food,b2b_farming,farm_equipment_and_supply,irrigation_companies]
irrigation_service;[services_and_business,home_service,irrigation_service]
islamic_goods_store;[shopping,specialty_store,religious_and_spiritual_goods_store,islamic_goods_store]
island;[geographic_entities,land_feature,island]
israeli_restaurant;[food_and_drink,restaurant,middle_eastern_restaurant,israeli_restaurant]
it_consultant;[services_and_business,technical_service,it_service_and_computer_repair,it_consultant]
it_service_and_computer_repair;[services_and_business,technical_service,it_service_and_computer_repair]
it_support_snd_service;[professional_services,it_service_and_computer_repair,it_support_snd_service]
italian_restaurant;[food_and_drink,restaurant,european_restaurant,mediterranean_restaurant,italian_restaurant]
iv_hydration;[lifestyle_services,wellness_service,iv_hydration]
jail_or_prison;[community_and_government,public_safety_service,jail_or_prison]
jamaican_restaurant;[food_and_drink,restaurant,latin_american_restaurant,caribbean_restaurant,jamaican_restaurant]
janitorial_service;[services_and_business,professional_service,cleaning_service,janitorial_service]
janitorial_services;[professional_services,cleaning_services,janitorial_services]
japanese_confectionery_shop;[food_and_drink,casual_eatery,candy_store,japanese_confectionery_shop]
japanese_grocery_store;[shopping,food_and_beverage_store,grocery_store,japanese_grocery_store]
japanese_restaurant;[food_and_drink,restaurant,asian_restaurant,east_asian_restaurant,japanese_restaurant]
jazz_and_blues;[arts_and_entertainment,jazz_and_blues]
jazz_and_blues_venue;[arts_and_entertainment,performing_arts_venue,music_venue,jazz_and_blues_venue]
jehovahs_witness_kingdom_hall;[religious_organization,church_cathedral,jehovahs_witness_kingdom_hall]
jehovahs_witness_place_of_worship;[cultural_and_historic,place_of_worship,christian_place_of_worship,restorationist_place_of_worship,jehovahs_witness_place_of_worship]
jet_skis_rental;[sports_and_recreation,recreational_equipment_rental,jet_skis_rental]
jewelry_and_watches_manufacturer;[services_and_business,b2b_service,manufacturer,jewelry_and_watches_manufacturer]
jewelry_manufacturer;[services_and_business,b2b_service,manufacturer,jewelry_manufacturer]
jewelry_repair_service;[services_and_business,technical_service,jewelry_repair_service]
jewelry_store;[shopping,fashion_and_apparel_store,jewelry_store]
jewish_goods_store;[shopping,specialty_store,religious_and_spiritual_goods_store,jewish_goods_store]
jewish_place_of_worship;[cultural_and_historic,place_of_worship,jewish_place_of_worship]
jewish_restaurant;[food_and_drink,restaurant,special_diet_restaurant,jewish_restaurant]
jiangsu_restaurant;[food_and_drink,restaurant,asian_restaurant,east_asian_restaurant,chinese_restaurant,jiangsu_restaurant]
junk_removal_and_hauling;[services_and_business,home_service,junk_removal_and_hauling]
junkyard;[shopping,second_hand_store,junkyard]
juvenile_detention_center;[community_and_government,public_safety_service,jail_or_prison,juvenile_detention_center]
karaoke;[arts_and_entertainment,karaoke]
karaoke_rental;[services_and_business,event_or_party_service,karaoke_rental]
karaoke_venue;[arts_and_entertainment,performing_arts_venue,music_venue,karaoke_venue]
karate_club;[sports_and_recreation,sport_or_recreation_club,martial_arts_club,karate_club]
kazakhstani_restaurant;[food_and_drink,restaurant,asian_restaurant,central_asian_restaurant,kazakhstani_restaurant]
key_and_locksmith;[services_and_business,home_service,key_and_locksmith]
kickboxing_club;[sports_and_recreation,sport_or_recreation_club,martial_arts_club,kickboxing_club]
kids_hair_salon;[lifestyle_services,personal_or_beauty_service,hair_salon,kids_hair_salon]
kids_recreation_and_party;[services_and_business,event_or_party_service,kids_recreation_and_party]
kindergarten;[education,place_of_learning,school,kindergarten]
kiosk;[shopping,kiosk]
kitchen_and_bath;[retail,shopping,home_and_garden,kitchen_and_bath]
kitchen_and_bath_store;[shopping,specialty_store,hardware_home_and_garden_store,kitchen_and_bath_store]
kitchen_incubator;[services_and_business,real_estate_service,kitchen_incubator]
kitchen_remodeling;[services_and_business,home_service,kitchen_remodeling]
kitchen_supply_store;[shopping,specialty_store,hardware_home_and_garden_store,kitchen_and_bath_store,kitchen_supply_store]
kiteboarding;[sports_and_recreation,sport_or_fitness_facility,kiteboarding]
kiteboarding_instruction;[sports_and_recreation,sport_or_fitness_facility,kiteboarding_instruction]
knife_sharpening;[services_and_business,home_service,knife_sharpening]
knitting_supply;[retail,shopping,knitting_supply]
knitting_supply_store;[shopping,specialty_store,arts_crafts_and_hobby_store,craft_store,knitting_supply_store]
kofta_restaurant;[food_and_drink,restaurant,middle_eastern_restaurant,kofta_restaurant]
kombucha;[eat_and_drink,bar,kombucha]
kombucha_bar;[food_and_drink,non_alcoholic_beverage_venue,kombucha_bar]
korean_grocery_store;[shopping,food_and_beverage_store,grocery_store,korean_grocery_store]
korean_restaurant;[food_and_drink,restaurant,asian_restaurant,east_asian_restaurant,korean_restaurant]
kosher_grocery_store;[shopping,food_and_beverage_store,grocery_store,kosher_grocery_store]
kosher_restaurant;[food_and_drink,restaurant,special_diet_restaurant,kosher_restaurant]
kurdish_restaurant;[food_and_drink,restaurant,middle_eastern_restaurant,kurdish_restaurant]
labor_union;[community_and_government,civic_organization,labor_union]
laboratory;[services_and_business,technical_service,laboratory]
laboratory_equipment_supplier;[services_and_business,b2b_service,supplier_or_distributor,laboratory_equipment_supplier]
laboratory_testing;[health_care,outpatient_care_facility,diagnostics_imaging_or_lab_service,laboratory_testing]
lacrosse_club;[sports_and_recreation,sport_or_recreation_club,lacrosse_club]
lacrosse_field;[sports_and_recreation,sport_or_fitness_facility,sport_field,lacrosse_field]
lactation_service;[health_care,outpatient_care_facility,reproductive_perinatal_and_womens_care,lactation_service]
lactation_services;[health_and_medical,lactation_services]
lake;[geographic_entities,water_feature,lake]
land_feature;[geographic_entities,land_feature]
land_surveying;[services_and_business,real_estate_service,land_surveying]
landmark_and_historical_building;[attractions_and_activities,landmark_and_historical_building]
landscape_architect;[services_and_business,home_service,landscaping,landscape_architect]
landscaping;[services_and_business,home_service,landscaping]
language_school;[education,place_of_learning,specialty_school,language_school]
laotian_restaurant;[food_and_drink,restaurant,asian_restaurant,southeast_asian_restaurant,laotian_restaurant]
laser_cutting_service;[services_and_business,b2b_service,b2b_industrial_and_machine_service,laser_cutting_service]
laser_hair_removal;[lifestyle_services,personal_or_beauty_service,hair_removal,laser_hair_removal]
laser_tag;[sports_and_recreation,sport_or_fitness_facility,laser_tag]
latin_american_restaurant;[food_and_drink,restaurant,latin_american_restaurant]
latin_fusion_restaurant;[food_and_drink,restaurant,international_fusion_restaurant,latin_fusion_restaurant]
laundromat;[services_and_business,laundry_service,laundromat]
laundry_service;[services_and_business,laundry_service]
laundry_services;[professional_services,laundry_services]
law_school;[education,place_of_learning,college_university,law_school]
law_schools;[education,college_university,law_schools]
lawn_bowling_club;[sports_and_recreation,sport_or_recreation_club,lawn_bowling_club]
lawn_mower_repair_service;[services_and_business,home_service,lawn_mower_repair_service]
lawn_mower_store;[shopping,specialty_store,hardware_home_and_garden_store,lawn_mower_store]
lawn_service;[services_and_business,home_service,landscaping,lawn_service]
leather_goods;[retail,shopping,fashion,leather_goods]
leather_goods_store;[shopping,fashion_and_apparel_store,leather_goods_store]
leather_products_manufacturer;[services_and_business,b2b_service,manufacturer,leather_products_manufacturer]
lebanese_restaurant;[food_and_drink,restaurant,middle_eastern_restaurant,lebanese_restaurant]
legal_service;[services_and_business,legal_service]
legal_services;[professional_services,legal_services]
library;[education,library]
life_coach;[lifestyle_services,personal_or_beauty_service,life_coach]
life_insurance;[services_and_business,financial_service,insurance_agency,life_insurance]
lifestyle_services;[lifestyle_services]
light_rail_and_subway_station;[travel_and_transportation,ground_transport_facility_or_service,public_transit_facility_or_service,light_rail_and_subway_station]
light_rail_and_subway_stations;[travel,transportation,light_rail_and_subway_stations]
lighthouse;[cultural_and_historic,historic_site,lighthouse]
lighting_fixture_manufacturer;[services_and_business,b2b_service,manufacturer,lighting_fixture_manufacturer]
lighting_fixture_manufacturers;[business_to_business,business_manufacturing_and_supply,lighting_fixture_manufacturers]
lighting_fixtures_and_equipment;[services_and_business,home_service,lighting_fixtures_and_equipment]
lighting_store;[shopping,specialty_store,hardware_home_and_garden_store,lighting_store]
lime_professional;[services_and_business,building_or_construction_service,lime_professional]
lime_professionals;[professional_services,construction_services,stone_and_masonry,lime_professionals]
limo_service;[travel_and_transportation,ground_transport_facility_or_service,taxi_or_ride_share_service,limo_service]
limo_services;[travel,transportation,limo_services]
linen;[retail,shopping,home_and_garden,linen]
linen_store;[shopping,specialty_store,hardware_home_and_garden_store,linen_store]
lingerie_store;[shopping,fashion_and_apparel_store,clothing_store,lingerie_store]
lingerie_wholesaler;[services_and_business,b2b_service,wholesaler,lingerie_wholesaler]
liquor_store;[shopping,food_and_beverage_store,liquor_store]
lithuanian_restaurant;[food_and_drink,restaurant,european_restaurant,eastern_european_restaurant,lithuanian_restaurant]
live_and_raw_food_restaurant;[food_and_drink,restaurant,special_diet_restaurant,live_and_raw_food_restaurant]
livestock_breeder;[services_and_business,b2b_service,b2b_agriculture_service,livestock_breeder]
livestock_dealer;[services_and_business,b2b_service,b2b_agriculture_service,livestock_dealer]
livestock_dealers;[business_to_business,b2b_agriculture_and_food,livestock_dealers]
livestock_feed_and_supply_store;[shopping,specialty_store,animal_and_pet_store,livestock_feed_and_supply_store]
local_and_state_government_offices;[public_service_and_government,local_and_state_government_offices]
lodge;[lodging,lodge]
lodging;[lodging]
logging_contractor;[services_and_business,b2b_service,b2b_environmental_service,logging_contractor]
logging_equipment_and_supplies;[services_and_business,b2b_service,b2b_environmental_service,logging_equipment_and_supplies]
logging_service;[services_and_business,b2b_service,b2b_environmental_service,logging_service]
logging_services;[business_to_business,business_manufacturing_and_supply,wood_and_pulp,logging_services]
long_term_care_hospital;[health_care,hospital,specialty_hospital,long_term_care_hospital]
lookout;[geographic_entities,built_feature,lookout]
lottery_vendor;[arts_and_entertainment,gaming_venue,lottery_vendor]
lounge;[food_and_drink,alcoholic_beverage_venue,lounge]
low_income_housing;[services_and_business,housing_or_property_service,low_income_housing]
luggage_storage;[travel_and_transportation,travel_service,luggage_storage]
luggage_store;[shopping,fashion_and_apparel_store,luggage_store]
lumber_store;[shopping,specialty_store,hardware_home_and_garden_store,building_supply_store,lumber_store]
lutheran_place_of_worship;[cultural_and_historic,place_of_worship,christian_place_of_worship,protestant_place_of_worship,lutheran_place_of_worship]
macaron_shop;[food_and_drink,casual_eatery,bakery,macaron_shop]
macarons;[retail,food,specialty_foods,macarons]
machine_and_tool_rental;[services_and_business,rental_service,machine_and_tool_rental]
machine_and_tool_rentals;[professional_services,machine_and_tool_rentals]
machine_shop;[services_and_business,technical_service,machine_shop]
machinery_and_tool_manufacturer;[services_and_business,b2b_service,manufacturer,machinery_and_tool_manufacturer]
magician;[services_and_business,event_or_party_service,magician]
mahayana_buddhist_place_of_worship;[cultural_and_historic,place_of_worship,buddhist_place_of_worship,mahayana_buddhist_place_of_worship]
mailbox_center;[services_and_business,shipping_or_delivery_service,mailbox_center]
major_airports;[travel,airport,major_airports]
makerspace;[arts_and_entertainment,science_attraction,makerspace]
makeup_artist;[lifestyle_services,personal_or_beauty_service,skin_care_and_makeup,makeup_artist]
malankara_orthodox_syrian_place_of_worship;[cultural_and_historic,place_of_worship,christian_place_of_worship,oriental_orthodox_place_of_worship,malankara_orthodox_syrian_place_of_worship]
malaysian_restaurant;[food_and_drink,restaurant,asian_restaurant,southeast_asian_restaurant,malaysian_restaurant]
maltese_restaurant;[food_and_drink,restaurant,european_restaurant,mediterranean_restaurant,maltese_restaurant]
manufacturer;[services_and_business,b2b_service,manufacturer]
manufacturers_agents_and_representatives;[business_to_business,business_to_business_services,domestic_business_and_trade_organizations,manufacturers_agents_and_representatives]
manufacturing_and_industrial_consultant;[services_and_business,b2b_service,b2b_industrial_and_machine_service,manufacturing_and_industrial_consultant]
marble_and_granite_professional;[services_and_business,building_or_construction_service,marble_and_granite_professional]
marble_and_granite_professionals;[professional_services,construction_services,stone_and_masonry,marble_and_granite_professionals]
marching_band;[arts_and_entertainment,marching_band]
marina;[geographic_entities,built_feature,marina]
market;[shopping,market]
market_stall;[shopping,market,market_stall]
marketing_agency;[services_and_business,professional_service,marketing_agency]
marriage_or_relationship_counseling;[health_care,outpatient_care_facility,behavioral_or_mental_health_clinic,counseling,marriage_or_relationship_counseling]
martial_arts_club;[sports_and_recreation,sport_or_recreation_club,martial_arts_club]
masonry_concrete;[services_and_business,home_service,masonry_concrete]
masonry_contractor;[services_and_business,building_or_construction_service,masonry_contractor]
masonry_contractors;[professional_services,construction_services,stone_and_masonry,masonry_contractors]
mass_media;[mass_media]
massage;[beauty_and_spa,massage]
massage_school;[education,place_of_learning,specialty_school,massage_school]
massage_therapy;[lifestyle_services,wellness_service,massage_therapy]
matchmaker;[lifestyle_services,personal_or_beauty_service,matchmaker]
maternity_center;[health_care,outpatient_care_facility,reproductive_perinatal_and_womens_care,maternity_center]
maternity_centers;[health_and_medical,maternity_centers]
maternity_wear;[shopping,fashion_and_apparel_store,clothing_store,maternity_wear]
mattress_manufacturing;[services_and_business,b2b_service,manufacturer,mattress_manufacturing]
mattress_store;[shopping,specialty_store,hardware_home_and_garden_store,mattress_store]
meat_restaurant;[food_and_drink,restaurant,meat_restaurant]
meat_shop;[retail,meat_shop]
meat_wholesaler;[services_and_business,b2b_service,wholesaler,meat_wholesaler]
meatball_restaurant;[food_and_drink,restaurant,meat_restaurant,meatball_restaurant]
mechanical_engineer;[services_and_business,building_or_construction_service,mechanical_engineer]
mechanical_engineers;[professional_services,construction_services,engineering_services,mechanical_engineers]
media_agency;[services_and_business,media_service,media_news_company,media_agency]
media_critic;[services_and_business,media_service,media_critic]
media_news_company;[services_and_business,media_service,media_news_company]
media_news_website;[services_and_business,media_service,media_news_website]
media_restoration_service;[services_and_business,media_service,media_restoration_service]
media_service;[services_and_business,media_service]
mediator;[services_and_business,legal_service,mediator]
medical_billing;[health_care,medical_service,medical_billing]
medical_cannabis;[health_care,medical_service,medical_cannabis]
medical_cannabis_referral;[health_care,medical_service,medical_cannabis,medical_cannabis_referral]
medical_law;[services_and_business,legal_service,attorney_or_law_firm,medical_law]
medical_research_institute;[education,research_institute,medical_research_institute]
medical_school;[education,place_of_learning,specialty_school,medical_school]
medical_sciences_school;[education,place_of_learning,college_university,medical_sciences_school]
medical_sciences_schools;[education,college_university,medical_sciences_schools]
medical_service;[health_care,medical_service]
medical_service_organization;[health_care,medical_service,medical_service_organization]
medical_service_organizations;[health_and_medical,medical_service_organizations]
medical_skin_care;[health_care,outpatient_care_facility,specialized_health_care,medical_skin_care]
medical_spa;[lifestyle_services,wellness_service,spa,medical_spa]
medical_supply;[retail,shopping,medical_supply]
medical_supply_store;[shopping,specialty_store,medical_supply_store]
medical_transportation;[health_care,medical_service,medical_transportation]
meditation_center;[lifestyle_services,wellness_service,meditation_center]
mediterranean_restaurant;[food_and_drink,restaurant,european_restaurant,mediterranean_restaurant]
mehndi_henna;[lifestyle_services,personal_or_beauty_service,body_modification,mehndi_henna]
melanesian_restaurant;[food_and_drink,restaurant,pacific_rim_restaurant,melanesian_restaurant]
memorial_park;[cultural_and_historic,memorial_site,memorial_park]
memorial_site;[cultural_and_historic,memorial_site]
memory_care_facility;[services_and_business,housing_or_property_service,senior_living_facility,memory_care_facility]
mens_clothing_store;[shopping,fashion_and_apparel_store,clothing_store,mens_clothing_store]
mens_grooming_salon;[lifestyle_services,personal_or_beauty_service,barber,mens_grooming_salon]
merchandising_service;[services_and_business,professional_service,merchandising_service]
metal_detector_service;[services_and_business,technical_service,metal_detector_service]
metal_detector_services;[professional_services,metal_detector_services]
metal_fabricator;[services_and_business,b2b_service,manufacturer,metal_fabricator]
metal_material_expert;[services_and_business,building_or_construction_service,metal_material_expert]
metal_materials_and_experts;[professional_services,construction_services,metal_materials_and_experts]
metal_plating_service;[services_and_business,b2b_service,b2b_industrial_and_machine_service,metal_plating_service]
metal_supplier;[services_and_business,b2b_service,supplier_or_distributor,metal_supplier]
methodist_place_of_worship;[cultural_and_historic,place_of_worship,christian_place_of_worship,protestant_place_of_worship,methodist_place_of_worship]
metro_station;[travel_and_transportation,ground_transport_facility_or_service,public_transit_facility_or_service,metro_station]
mexican_grocery_store;[shopping,food_and_beverage_store,grocery_store,mexican_grocery_store]
mexican_restaurant;[food_and_drink,restaurant,latin_american_restaurant,mexican_restaurant]
micronesian_restaurant;[food_and_drink,restaurant,pacific_rim_restaurant,micronesian_restaurant]
middle_eastern_restaurant;[food_and_drink,restaurant,middle_eastern_restaurant]
middle_school;[education,place_of_learning,school,middle_school]
midwifery;[health_care,outpatient_care_facility,reproductive_perinatal_and_womens_care,midwifery]
military_base;[community_and_government,military_site,military_base]
military_museum;[arts_and_entertainment,museum,military_museum]
military_office;[community_and_government,military_site,military_office]
military_site;[community_and_government,military_site]
military_surplus_store;[shopping,specialty_store,tactical_supply_store,military_surplus_store]
milk_bar;[food_and_drink,non_alcoholic_beverage_venue,milk_bar]
milkshake_bar;[food_and_drink,non_alcoholic_beverage_venue,milkshake_bar]
mill;[services_and_business,b2b_service,manufacturer,mill]
mills;[business_to_business,business_manufacturing_and_supply,mills]
mind_body_spirit_store;[shopping,specialty_store,religious_and_spiritual_goods_store,mind_body_spirit_store]
miniature_golf_course;[sports_and_recreation,sport_or_fitness_facility,miniature_golf_course]
misting_system_service;[services_and_business,home_service,misting_system_service]
misting_system_services;[professional_services,misting_system_services]
mobile_clinic;[health_care,outpatient_care_facility,primary_care_or_general_clinic,mobile_clinic]
mobile_dent_repair;[travel_and_transportation,vehicle_service,roadside_assistance,mobile_dent_repair]
mobile_home_dealer;[services_and_business,real_estate_service,mobile_home_dealer]
mobile_home_park;[services_and_business,housing_or_property_service,mobile_home_park]
mobile_home_repair;[services_and_business,home_service,mobile_home_repair]
mobile_phone_accessories;[retail,shopping,mobile_phone_accessories]
mobile_phone_accessory_store;[shopping,specialty_store,electronics_store,mobile_phone_accessory_store]
mobile_phone_repair;[services_and_business,technical_service,it_service_and_computer_repair,mobile_phone_repair]
mobile_phone_store;[shopping,specialty_store,electronics_store,mobile_phone_store]
mobility_equipment_service;[services_and_business,family_service,mobility_equipment_service]
mobility_equipment_services;[professional_services,mobility_equipment_services]
modern_art_museum;[arts_and_entertainment,museum,art_museum,modern_art_museum]
mohel;[services_and_business,event_or_party_service,mohel]
molecular_gastronomy_restaurant;[food_and_drink,restaurant,special_diet_restaurant,molecular_gastronomy_restaurant]
monastery;[cultural_and_historic,religious_organization,monastery]
money_transfer_service;[services_and_business,financial_service,money_transfer_service]
money_transfer_services;[financial_service,money_transfer_services]
mongolian_restaurant;[food_and_drink,restaurant,asian_restaurant,east_asian_restaurant,mongolian_restaurant]
montessori_school;[education,place_of_learning,school,montessori_school]
monument;[cultural_and_historic,memorial_site,monument]
mooring_service;[travel_and_transportation,vehicle_service,boat_service,mooring_service]
mormon_place_of_worship;[cultural_and_historic,place_of_worship,christian_place_of_worship,restorationist_place_of_worship,mormon_place_of_worship]
moroccan_restaurant;[food_and_drink,restaurant,african_restaurant,north_african_restaurant,moroccan_restaurant]
mortgage_broker;[services_and_business,financial_service,mortgage_broker]
mortgage_lender;[services_and_business,financial_service,installment_loans,mortgage_lender]
mortuary_service;[services_and_business,family_service,funeral_service,mortuary_service]
mortuary_services;[professional_services,funeral_services_and_cemeteries,mortuary_services]
mosque;[religious_organization,mosque]
motel;[lodging,hotel,motel]
motor_freight_trucking;[services_and_business,b2b_service,b2b_transportation_and_storage_service,motor_freight_trucking]
motor_race_track;[sports_and_recreation,sport_or_fitness_facility,race_track,motor_race_track]
motorcycle_dealer;[shopping,vehicle_dealer,motorcycle_dealer]
motorcycle_manufacturer;[services_and_business,b2b_service,manufacturer,vehicle_manufacturer,motorcycle_manufacturer]
motorcycle_parking;[travel_and_transportation,parking,motorcycle_parking]
motorcycle_parts_store;[shopping,specialty_store,vehicle_parts_store,motorcycle_parts_store]
motorcycle_rental_service;[services_and_business,rental_service,vehicle_rental_service,motorcycle_rental_service]
motorcycle_rentals;[travel,rental_service,motorcycle_rentals]
motorcycle_repair;[travel_and_transportation,vehicle_service,motorcycle_service,motorcycle_repair]
motorcycle_service;[travel_and_transportation,vehicle_service,motorcycle_service]
motorsport_vehicle_dealer;[shopping,vehicle_dealer,motorsport_vehicle_dealer]
motorsport_vehicle_repair;[travel_and_transportation,vehicle_service,automotive_service,automotive_repair,motorsport_vehicle_repair]
motorsports_store;[shopping,specialty_store,vehicle_parts_store,motorsports_store]
mountain;[geographic_entities,land_feature,mountain]
mountain_bike_park;[sports_and_recreation,park,mountain_bike_park]
mountain_bike_parks;[attractions_and_activities,mountain_bike_parks]
mountain_bike_trail;[sports_and_recreation,recreational_trail_or_path,mountain_bike_trail]
mountain_bike_trails;[attractions_and_activities,trail,mountain_biking_trails]
mountain_hut;[lodging,mountain_hut]
mountain_huts;[accommodation,mountain_huts]
mover;[services_and_business,home_service,mover]
movers;[home_service,movers]
movie_critic;[services_and_business,media_service,media_critic,movie_critic]
movie_television_studio;[services_and_business,media_service,media_news_company,movie_television_studio]
movie_theater;[arts_and_entertainment,movie_theater]
muay_thai_club;[sports_and_recreation,sport_or_recreation_club,martial_arts_club,muay_thai_club]
mulled_wine;[retail,food,mulled_wine]
musculoskeletal_medicine;[health_care,outpatient_care_facility,specialized_health_care,musculoskeletal_medicine]
museum;[arts_and_entertainment,museum]
music_and_dvd_store;[shopping,specialty_store,books_music_and_video_store,music_and_dvd_store]
music_critic;[services_and_business,media_service,media_critic,music_critic]
music_festival_venue;[arts_and_entertainment,festival_venue,music_festival_venue]
music_festivals_and_organizations;[arts_and_entertainment,festival,music_festivals_and_organizations]
music_production;[services_and_business,media_service,media_news_company,music_production]
music_production_service;[services_and_business,media_service,music_production_service]
music_production_services;[professional_services,music_production_services]
music_school;[education,place_of_learning,specialty_school,music_school]
music_venue;[arts_and_entertainment,performing_arts_venue,music_venue]
musical_band_orchestras_and_symphonies;[arts_and_entertainment,musical_band_orchestras_and_symphonies]
musical_instrument_and_pro_audio_store;[shopping,specialty_store,musical_instrument_and_pro_audio_store]
musical_instrument_service;[services_and_business,media_service,musical_instrument_service]
musical_instrument_services;[professional_services,musical_instrument_services]
musical_instrument_store;[shopping,specialty_store,musical_instrument_and_pro_audio_store,musical_instrument_store]
musician;[services_and_business,event_or_party_service,musician]
muslim_pilgrimage_site;[cultural_and_historic,religious_landmark,pilgrimage_site,muslim_pilgrimage_site]
muslim_place_of_worship;[cultural_and_historic,place_of_worship,muslim_place_of_worship]
mystic;[arts_and_entertainment,supernatural_reading,mystic]
n/a;[n/a]
nail_salon;[lifestyle_services,personal_or_beauty_service,nail_salon]
nanny_service;[services_and_business,family_service,nanny_service]
nanny_services;[professional_services,nanny_services]
nasi_restaurant;[food_and_drink,restaurant,asian_restaurant,southeast_asian_restaurant,nasi_restaurant]
national_museum;[arts_and_entertainment,museum,national_museum]
national_park;[sports_and_recreation,park,national_park]
national_security_service;[community_and_government,government_office,national_security_service]
national_security_services;[public_service_and_government,national_security_services]
natural_gas_supplier;[professional_services,utility_service,natural_gas_supplier]
natural_gas_utility_provider;[community_and_government,public_utility,natural_gas_utility_provider]
natural_hot_springs;[structure_and_geography,natural_hot_springs]
nature_reserve;[geographic_entities,land_feature,nature_reserve]
naturist_club;[sports_and_recreation,sport_or_recreation_club,naturist_club]
naturopathic_medicine;[health_care,outpatient_care_facility,complementary_and_alternative_medicine,naturopathic_medicine]
nepalese_restaurant;[food_and_drink,restaurant,asian_restaurant,south_asian_restaurant,himalayan_restaurant,nepalese_restaurant]
nephrology;[health_care,outpatient_care_facility,specialized_health_care,nephrology]
neurology;[health_care,outpatient_care_facility,specialized_health_care,neurology]
neuropathology;[health_care,outpatient_care_facility,specialized_health_care,neurology,neuropathology]
neurotology;[health_care,outpatient_care_facility,specialized_health_care,ear_nose_and_throat,otolaryngology,neurotology]
new_age_goods_store;[shopping,specialty_store,religious_and_spiritual_goods_store,new_age_goods_store]
new_zealand_restaurant;[food_and_drink,restaurant,pacific_rim_restaurant,new_zealand_restaurant]
newspaper_and_magazines_store;[shopping,specialty_store,books_music_and_video_store,newspaper_and_magazines_store]
nicaraguan_restaurant;[food_and_drink,restaurant,latin_american_restaurant,central_american_restaurant,nicaraguan_restaurant]
nichiren_buddhist_place_of_worship;[cultural_and_historic,place_of_worship,buddhist_place_of_worship,mahayana_buddhist_place_of_worship,nichiren_buddhist_place_of_worship]
nigerian_restaurant;[food_and_drink,restaurant,african_restaurant,west_african_restaurant,nigerian_restaurant]
night_market;[shopping,market,night_market]
nightlife_venue;[arts_and_entertainment,nightlife_venue]
non_alcoholic_beverage_venue;[food_and_drink,non_alcoholic_beverage_venue]
non_governmental_association;[community_and_government,civic_organization,non_governmental_association]
noodles_restaurant;[eat_and_drink,restaurant,asian_restaurant,noodles_restaurant]
north_african_restaurant;[food_and_drink,restaurant,african_restaurant,north_african_restaurant]
north_american_restaurant;[food_and_drink,restaurant,north_american_restaurant]
north_indian_restaurant;[food_and_drink,restaurant,asian_restaurant,south_asian_restaurant,indian_restaurant,north_indian_restaurant]
norwegian_restaurant;[food_and_drink,restaurant,european_restaurant,scandinavian_restaurant,norwegian_restaurant]
notary_public;[services_and_business,legal_service,notary_public]
nudist_clubs;[active_life,sports_club_and_league,nudist_clubs]
nursery_and_gardening;[retail,shopping,home_and_garden,nursery_and_gardening]
nursery_and_gardening_store;[shopping,specialty_store,hardware_home_and_garden_store,nursery_and_gardening_store]
nursing;[health_care,outpatient_care_facility,specialized_health_care,nursing]
nursing_school;[education,place_of_learning,specialty_school,nursing_school]
nutrition_service;[lifestyle_services,wellness_service,nutrition_service]
observatory;[arts_and_entertainment,science_attraction,observatory]
obstetrics_and_gynecology;[health_care,outpatient_care_facility,reproductive_perinatal_and_womens_care,obstetrics_and_gynecology]
occult_store;[shopping,specialty_store,religious_and_spiritual_goods_store,occult_store]
occupational_medicine;[health_care,outpatient_care_facility,specialized_health_care,preventive_medicine,occupational_medicine]
occupational_safety;[services_and_business,b2b_service,b2b_industrial_and_machine_service,occupational_safety]
occupational_therapy;[health_care,outpatient_care_facility,physical_medicine_and_rehabilitation,occupational_therapy]
ocean;[geographic_entities,water_feature,ocean]
office_cleaning;[services_and_business,professional_service,cleaning_service,office_cleaning]
office_of_vital_records;[community_and_government,government_office,office_of_vital_records]
office_supply_store;[shopping,specialty_store,office_supply_store]
officiating_service;[services_and_business,event_or_party_service,officiating_service]
officiating_services;[professional_services,event_planning,officiating_services]
oil_and_gas_field_equipment_and_services;[business_to_business,b2b_energy_and_mining,oil_and_gas,oil_and_gas_field_equipment_and_services]
oil_change_station;[travel_and_transportation,vehicle_service,automotive_service,oil_change_station]
oil_refiners;[business_to_business,b2b_energy_and_mining,oil_and_gas,oil_refiners]
olive_oil;[retail,olive_oil]
olive_oil_store;[shopping,food_and_beverage_store,olive_oil_store]
oncology;[health_care,outpatient_care_facility,specialized_health_care,internal_medicine,oncology]
onsen;[lifestyle_services,wellness_service,public_bath_house,onsen]
opera_and_ballet;[arts_and_entertainment,performing_arts_venue,music_venue,opera_and_ballet]
ophthalmology;[health_care,outpatient_care_facility,vision_or_eye_care_clinic,ophthalmology]
optical_wholesaler;[services_and_business,b2b_service,wholesaler,optical_wholesaler]
optometry;[health_care,outpatient_care_facility,vision_or_eye_care_clinic,optometry]
oral_and_maxillofacial_surgery;[health_care,specialized_medical_facility,surgery,oral_and_maxillofacial_surgery]
orchard;[services_and_business,agricultural_service,farm,orchard]
orchards_production;[services_and_business,b2b_service,b2b_agriculture_service,crops_production,orchards_production]
organ_and_tissue_donor_service;[health_care,specialized_medical_facility,organ_and_tissue_donor_service]
organic_grocery_store;[shopping,food_and_beverage_store,grocery_store,organic_grocery_store]
oriental_orthodox_place_of_worship;[cultural_and_historic,place_of_worship,christian_place_of_worship,oriental_orthodox_place_of_worship]
oriental_restaurant;[eat_and_drink,restaurant,oriental_restaurant]
orthodontics;[health_care,outpatient_care_facility,dental_clinic,orthodontics]
orthodox_jewish_place_of_worship;[cultural_and_historic,place_of_worship,jewish_place_of_worship,orthodox_jewish_place_of_worship]
orthopedic_shoe_store;[shopping,fashion_and_apparel_store,shoe_store,orthopedic_shoe_store]
orthopedic_surgery;[health_care,specialized_medical_facility,surgery,orthopedic_surgery]
orthopedics;[health_care,outpatient_care_facility,specialized_health_care,musculoskeletal_medicine,orthopedics]
orthotics;[health_care,outpatient_care_facility,physical_medicine_and_rehabilitation,orthotics]
osteopathic_medicine;[health_care,outpatient_care_facility,specialized_health_care,osteopathic_medicine]
otolaryngology;[health_care,outpatient_care_facility,specialized_health_care,ear_nose_and_throat,otolaryngology]
otology;[health_care,outpatient_care_facility,specialized_health_care,ear_nose_and_throat,otolaryngology,otology]
outdoor_furniture_store;[shopping,specialty_store,hardware_home_and_garden_store,outdoor_furniture_store]
outdoor_gear;[retail,shopping,sporting_goods,outdoor_gear]
outdoor_movie_space;[arts_and_entertainment,movie_theater,outdoor_movie_space]
outdoor_movies;[arts_and_entertainment,cinema,outdoor_movies]
outdoor_store;[shopping,specialty_store,sporting_goods_store,outdoor_store]
outlet_store;[shopping,specialty_store,outlet_store]
outpatient_care_facility;[health_care,outpatient_care_facility]
oxygen_bar;[lifestyle_services,wellness_service,oxygen_bar]
pacific_rim_restaurant;[food_and_drink,restaurant,pacific_rim_restaurant]
package_locker;[services_and_business,storage_facility,package_locker]
packaging_contractors_and_service;[services_and_business,shipping_or_delivery_service,packaging_contractors_and_service]
packing_service;[services_and_business,home_service,packing_service]
packing_services;[home_service,packing_services]
packing_supply;[retail,shopping,packing_supply]
packing_supply_store;[shopping,specialty_store,office_supply_store,packing_supply_store]
paddle_tennis_club;[sports_and_recreation,sport_or_recreation_club,paddle_tennis_club]
paddleboard_rental;[sports_and_recreation,recreational_equipment_rental,paddleboard_rental]
paddleboarding_center;[sports_and_recreation,sport_or_fitness_facility,paddleboarding_center]
paddleboarding_lessons;[sports_and_recreation,sport_or_fitness_facility,paddleboarding_lessons]
pagan_goods_store;[shopping,specialty_store,religious_and_spiritual_goods_store,pagan_goods_store]
pain_management;[health_care,outpatient_care_facility,specialized_health_care,pain_management]
paint_and_sip;[arts_and_entertainment,paint_and_sip]
paint_and_sip_venue;[arts_and_entertainment,arts_and_crafts_space,paint_and_sip_venue]
paint_store;[shopping,specialty_store,hardware_home_and_garden_store,paint_store]
paint_your_own_pottery;[retail,shopping,arts_and_crafts,paint_your_own_pottery]
paint_your_own_pottery_venue;[arts_and_entertainment,arts_and_crafts_space,paint_your_own_pottery_venue]
paintball;[sports_and_recreation,sport_or_fitness_facility,paintball]
painting;[services_and_business,home_service,painting]
pakistani_restaurant;[food_and_drink,restaurant,asian_restaurant,south_asian_restaurant,pakistani_restaurant]
palace;[cultural_and_historic,historic_site,palace]
palestinian_restaurant;[food_and_drink,restaurant,middle_eastern_restaurant,palestinian_restaurant]
pan_asian_restaurant;[food_and_drink,restaurant,international_fusion_restaurant,pan_asian_restaurant]
panamanian_restaurant;[food_and_drink,restaurant,latin_american_restaurant,central_american_restaurant,panamanian_restaurant]
pancake_house;[food_and_drink,restaurant,breakfast_and_brunch_restaurant,pancake_house]
paper_mill;[services_and_business,b2b_service,manufacturer,mill,paper_mill]
paraguayan_restaurant;[food_and_drink,restaurant,latin_american_restaurant,south_american_restaurant,paraguayan_restaurant]
paralegal_service;[services_and_business,legal_service,attorney_or_law_firm,paralegal_service]
paralegal_services;[professional_services,lawyer,paralegal_services]
parasailing_ride_service;[sports_and_recreation,sport_or_fitness_facility,parasailing_ride_service]
parenting_class;[education,place_of_learning,specialty_school,parenting_class]
parenting_classes;[education,specialty_school,parenting_classes]
park;[sports_and_recreation,park]
park_and_ride;[travel_and_transportation,parking,park_and_ride]
park_and_rides;[travel,transportation,park_and_rides]
parking;[travel_and_transportation,parking]
parking_garage;[travel_and_transportation,parking,parking_garage]
parking_lot;[travel_and_transportation,parking,parking_lot]
party_and_event_planning;[services_and_business,event_or_party_service,party_and_event_planning]
party_bike_rental;[services_and_business,event_or_party_service,party_bike_rental]
party_bus_rental;[services_and_business,event_or_party_service,party_bus_rental]
party_character;[services_and_business,event_or_party_service,party_character]
party_equipment_rental;[services_and_business,event_or_party_service,party_equipment_rental]
party_supply;[retail,party_supply]
party_supply_store;[shopping,specialty_store,party_supply_store]
passport_and_visa_service;[travel_and_transportation,travel_service,passport_and_visa_service]
passport_and_visa_services;[travel,travel_services,passport_and_visa_services]
pasta_shop;[retail,food,specialty_foods,pasta_shop]
pasta_store;[shopping,food_and_beverage_store,specialty_foods_store,pasta_store]
patent_law;[services_and_business,legal_service,patent_law]
paternity_testing;[health_care,outpatient_care_facility,diagnostics_imaging_or_lab_service,laboratory_testing,paternity_testing]
paternity_tests_and_services;[health_and_medical,paternity_tests_and_services]
pathology;[health_care,outpatient_care_facility,diagnostics_imaging_or_lab_service,pathology]
patio_covers;[services_and_business,home_service,patio_covers]
patisserie_cake_shop;[shopping,food_and_beverage_store,patisserie_cake_shop]
paving_contractor;[services_and_business,home_service,contractor,paving_contractor]
pawn_shop;[shopping,second_hand_store,pawn_shop]
payroll_service;[services_and_business,professional_service,payroll_service]
payroll_services;[professional_services,payroll_services]
pediatric_anesthesiology;[health_care,outpatient_care_facility,pediatric_clinic,pediatric_anesthesiology]
pediatric_cardiology;[health_care,outpatient_care_facility,pediatric_clinic,pediatric_cardiology]
pediatric_clinic;[health_care,outpatient_care_facility,pediatric_clinic]
pediatric_dentistry;[health_care,outpatient_care_facility,dental_clinic,pediatric_dentistry]
pediatric_endocrinology;[health_care,outpatient_care_facility,pediatric_clinic,pediatric_endocrinology]
pediatric_gastroenterology;[health_care,outpatient_care_facility,pediatric_clinic,pediatric_gastroenterology]
pediatric_infectious_disease;[health_care,outpatient_care_facility,pediatric_clinic,pediatric_infectious_disease]
pediatric_nephrology;[health_care,outpatient_care_facility,pediatric_clinic,pediatric_nephrology]
pediatric_neurology;[health_care,outpatient_care_facility,pediatric_clinic,pediatric_neurology]
pediatric_oncology;[health_care,outpatient_care_facility,pediatric_clinic,pediatric_oncology]
pediatric_orthopedic_surgery;[health_care,specialized_medical_facility,surgery,orthopedic_surgery,pediatric_orthopedic_surgery]
pediatric_pulmonology;[health_care,outpatient_care_facility,pediatric_clinic,pediatric_pulmonology]
pediatric_radiology;[health_care,outpatient_care_facility,pediatric_clinic,pediatric_radiology]
pediatric_surgery;[health_care,specialized_medical_facility,surgery,pediatric_surgery]
pedicab_service;[travel_and_transportation,ground_transport_facility_or_service,taxi_or_ride_share_service,pedicab_service]
pen_store;[shopping,specialty_store,office_supply_store,pen_store]
pension_office;[community_and_government,government_office,pension_office]
pentecostal_church;[religious_organization,church_cathedral,pentecostal_church]
pentecostal_place_of_worship;[cultural_and_historic,place_of_worship,christian_place_of_worship,protestant_place_of_worship,pentecostal_place_of_worship]
performing_arts;[arts_and_entertainment,performing_arts]
performing_arts_venue;[arts_and_entertainment,performing_arts_venue]
periodontics;[health_care,outpatient_care_facility,dental_clinic,periodontics]
permanent_makeup;[lifestyle_services,personal_or_beauty_service,skin_care_and_makeup,permanent_makeup]
persian_iranian_restaurant;[eat_and_drink,restaurant,middle_eastern_restaurant,persian_iranian_restaurant]
persian_restaurant;[food_and_drink,restaurant,middle_eastern_restaurant,persian_restaurant]
personal_assistant;[services_and_business,home_service,personal_assistant]
personal_care_and_beauty_store;[shopping,specialty_store,personal_care_and_beauty_store]
personal_chef;[services_and_business,event_or_party_service,personal_chef]
personal_injury_law;[services_and_business,legal_service,attorney_or_law_firm,personal_injury_law]
personal_or_beauty_service;[lifestyle_services,personal_or_beauty_service]
personal_shopper;[shopping,shopping_service,personal_shopper]
peruvian_restaurant;[food_and_drink,restaurant,latin_american_restaurant,south_american_restaurant,peruvian_restaurant]
pest_control_service;[services_and_business,home_service,pest_control_service]
pet_adoption;[lifestyle_services,animal_or_pet_service,animal_adoption_or_rescue,pet_adoption]
pet_boarding;[lifestyle_services,animal_or_pet_service,pet_care_service,pet_boarding]
pet_breeder;[lifestyle_services,animal_or_pet_service,pet_breeder]
pet_care_service;[lifestyle_services,animal_or_pet_service,pet_care_service]
pet_cemetery_and_crematorium_service;[lifestyle_services,animal_or_pet_service,pet_cemetery_and_crematorium_service]
pet_cemetery_and_crematorium_services;[pets,pet_services,pet_cemetery_and_crematorium_services]
pet_groomer;[lifestyle_services,animal_or_pet_service,pet_care_service,pet_groomer]
pet_hospice;[lifestyle_services,animal_or_pet_service,veterinary_care,pet_hospice]
pet_insurance;[lifestyle_services,animal_or_pet_service,pet_insurance]
pet_photography;[lifestyle_services,animal_or_pet_service,pet_photography]
pet_services;[pets,pet_services]
pet_sitting;[lifestyle_services,animal_or_pet_service,pet_care_service,pet_sitting]
pet_store;[shopping,specialty_store,animal_and_pet_store,pet_store]
pet_training;[lifestyle_services,animal_or_pet_service,pet_care_service,pet_training]
pet_transportation;[lifestyle_services,animal_or_pet_service,pet_care_service,pet_transportation]
pet_waste_removal;[lifestyle_services,animal_or_pet_service,pet_care_service,pet_waste_removal]
petting_zoo;[arts_and_entertainment,animal_attraction,zoo,petting_zoo]
pharmaceutical_company;[services_and_business,corporate_or_business_office,pharmaceutical_company]
pharmaceutical_products_wholesaler;[services_and_business,b2b_service,wholesaler,pharmaceutical_products_wholesaler]
pharmacy;[shopping,specialty_store,pharmacy_and_drug_store,pharmacy]
pharmacy_and_drug_store;[shopping,specialty_store,pharmacy_and_drug_store]
pharmacy_school;[education,place_of_learning,college_university,medical_sciences_school,pharmacy_school]
pharmacy_schools;[education,college_university,medical_sciences_schools,pharmacy_schools]
phlebology;[health_care,outpatient_care_facility,specialized_health_care,cardiovascular_and_vascular_medicine,phlebology]
photo_booth_rental;[services_and_business,event_or_party_service,photo_booth_rental]
photography_class;[education,place_of_learning,specialty_school,photography_class]
photography_classes;[education,specialty_school,photography_classes]
photography_museum;[arts_and_entertainment,museum,art_museum,photography_museum]
photography_service;[services_and_business,media_service,photography_service]
photography_store_and_services;[retail,shopping,photography_store_and_services]
physical_medicine_and_rehabilitation;[health_care,outpatient_care_facility,physical_medicine_and_rehabilitation]
physical_therapy;[health_care,outpatient_care_facility,physical_medicine_and_rehabilitation,physical_therapy]
piadina_restaurant;[food_and_drink,restaurant,european_restaurant,mediterranean_restaurant,italian_restaurant,piadina_restaurant]
piano_bar;[food_and_drink,alcoholic_beverage_venue,bar,piano_bar]
piano_service;[services_and_business,media_service,musical_instrument_service,piano_service]
piano_services;[professional_services,musical_instrument_services,piano_services]
piano_store;[shopping,specialty_store,musical_instrument_and_pro_audio_store,musical_instrument_store,piano_store]
pick_your_own_farm;[shopping,food_and_beverage_store,pick_your_own_farm]
pickleball_club;[sports_and_recreation,sport_or_recreation_club,pickleball_club]
pickleball_court;[sports_and_recreation,sport_or_fitness_facility,sport_court,pickleball_court]
pie_shop;[food_and_drink,casual_eatery,dessert_shop,pie_shop]
pier;[geographic_entities,built_feature,pier]
piercing;[lifestyle_services,personal_or_beauty_service,body_modification,tattoo_and_piercing,piercing]
pig_farm;[services_and_business,agricultural_service,farm,pig_farm]
pigs_trotters_restaurant;[eat_and_drink,restaurant,pigs_trotters_restaurant]
pilates_studio;[sports_and_recreation,sport_or_fitness_facility,fitness_studio,pilates_studio]
pilgrimage_site;[cultural_and_historic,religious_landmark,pilgrimage_site]
pipe_supplier;[services_and_business,b2b_service,supplier_or_distributor,pipe_supplier]
pipeline_transportation;[services_and_business,b2b_service,b2b_transportation_and_storage_service,pipeline_transportation]
pizza_delivery_service;[shopping,food_and_beverage_store,food_delivery_service,pizza_delivery_service]
pizza_restaurant;[food_and_drink,restaurant,european_restaurant,mediterranean_restaurant,italian_restaurant,pizza_restaurant]
place_of_learning;[education,place_of_learning]
place_of_worship;[cultural_and_historic,place_of_worship]
placenta_encapsulation_service;[health_and_medical,placenta_encapsulation_service]
planetarium;[arts_and_entertainment,science_attraction,planetarium]
plasterer;[services_and_business,home_service,plasterer]
plastic_and_reconstructive_surgery;[health_care,specialized_medical_facility,surgery,plastic_and_reconstructive_surgery]
plastic_company;[business_to_business,business_manufacturing_and_supply,b2b_rubber_and_plastics,plastic_company]
plastic_fabrication_company;[business_to_business,business_manufacturing_and_supply,plastic_fabrication_company]
plastic_injection_molding_service;[services_and_business,b2b_service,b2b_industrial_and_machine_service,plastic_injection_molding_service]
plastic_manufacturer;[services_and_business,b2b_service,manufacturer,plastic_manufacturer]
plastics_company;[services_and_business,corporate_or_business_office,plastics_company]
playground;[sports_and_recreation,park,playground]
playground_equipment_supplier;[services_and_business,b2b_service,supplier_or_distributor,playground_equipment_supplier]
plumbing;[services_and_business,home_service,plumbing]
plus_size_clothing;[retail,shopping,fashion,plus_size_clothing]
plus_size_clothing_store;[shopping,fashion_and_apparel_store,clothing_store,plus_size_clothing_store]
podiatry;[health_care,outpatient_care_facility,specialized_health_care,musculoskeletal_medicine,podiatry]
poke;[eat_and_drink,restaurant,poke_restaurant]
poke_restaurant;[food_and_drink,restaurant,pacific_rim_restaurant,polynesian_restaurant,hawaiian_restaurant,poke_restaurant]
police_station;[community_and_government,public_safety_service,police_station]
polish_restaurant;[food_and_drink,restaurant,european_restaurant,central_european_restaurant,polish_restaurant]
political_organization;[community_and_government,civic_organization,political_organization]
political_party_office;[community_and_government,civic_organization,political_organization,political_party_office]
polynesian_restaurant;[food_and_drink,restaurant,pacific_rim_restaurant,polynesian_restaurant]
pool_and_billiards_store;[shopping,specialty_store,sporting_goods_store,pool_and_billiards_store]
pool_and_hot_tub_service;[services_and_business,home_service,pool_and_hot_tub_service]
pool_and_hot_tub_services;[home_service,pool_and_hot_tub_services]
pool_billiards;[sports_and_recreation,sport_or_fitness_facility,pool_billiards]
pool_cleaning;[services_and_business,home_service,pool_cleaning]
pool_hall;[sports_and_recreation,sport_or_fitness_facility,pool_billiards,pool_hall]
pop_up_restaurant;[food_and_drink,restaurant,pop_up_restaurant]
pop_up_shop;[retail,shopping,pop_up_shop]
pop_up_store;[shopping,specialty_store,pop_up_store]
popcorn_shop;[food_and_drink,casual_eatery,popcorn_shop]
portuguese_restaurant;[food_and_drink,restaurant,european_restaurant,iberian_restaurant,portuguese_restaurant]
post_office;[services_and_business,shipping_or_delivery_service,post_office]
potato_restaurant;[eat_and_drink,restaurant,potato_restaurant]
poultry_farm;[services_and_business,agricultural_service,farm,poultry_farm]
poultry_farming;[services_and_business,b2b_service,b2b_agriculture_service,poultry_farming]
poutinerie_restaurant;[food_and_drink,restaurant,north_american_restaurant,canadian_restaurant,poutinerie_restaurant]
powder_coating_service;[services_and_business,industrial_facility_or_service,powder_coating_service]
prenatal_and_perinatal_care;[health_care,outpatient_care_facility,reproductive_perinatal_and_womens_care,prenatal_and_perinatal_care]
preschool;[education,place_of_learning,school,preschool]
pressure_washing;[services_and_business,home_service,pressure_washing]
pretzel_shop;[food_and_drink,casual_eatery,bakery,pretzel_shop]
pretzels;[retail,food,pretzels]
preventive_medicine;[health_care,outpatient_care_facility,specialized_health_care,preventive_medicine]
primary_care_or_general_clinic;[health_care,outpatient_care_facility,primary_care_or_general_clinic]
print_media;[services_and_business,media_service,print_media]
printing_equipment_supplier;[services_and_business,b2b_service,supplier_or_distributor,printing_equipment_supplier]
printing_service;[services_and_business,printing_service]
printing_services;[professional_services,printing_services]
private_association;[services_and_business,corporate_or_business_office,private_association]
private_equity_firm;[services_and_business,financial_service,private_equity_firm]
private_investigation;[services_and_business,legal_service,private_investigation]
private_jet_charter;[travel_and_transportation,air_transport_facility_or_service,private_jet_charter]
private_jet_charters;[travel,transportation,private_jet_charters]
private_lodging;[lodging,private_lodging]
private_school;[education,place_of_learning,school,private_school]
private_tutor;[education,educational_service,tutoring_service,private_tutor]
pro_audio_store;[shopping,specialty_store,musical_instrument_and_pro_audio_store,pro_audio_store]
process_server;[services_and_business,legal_service,process_server]
process_servers;[professional_services,legal_services,process_servers]
proctology;[health_care,outpatient_care_facility,specialized_health_care,gastroenterology,proctology]
produce_store;[shopping,food_and_beverage_store,specialty_foods_store,produce_store]
produce_wholesaler;[services_and_business,b2b_service,wholesaler,produce_wholesaler]
product_design;[services_and_business,design_service,product_design]
professional_service;[services_and_business,professional_service]
professional_services;[professional_services]
professional_sport_league;[sports_and_recreation,sport_league,professional_sport_league]
professional_sport_team;[sports_and_recreation,sport_team,professional_sport_team]
propane_supplier;[services_and_business,b2b_service,supplier_or_distributor,propane_supplier]
property_management;[services_and_business,real_estate_service,property_management]
prosthetics;[health_care,outpatient_care_facility,physical_medicine_and_rehabilitation,prosthetics]
prosthodontics;[health_care,outpatient_care_facility,dental_clinic,prosthodontics]
protestant_place_of_worship;[cultural_and_historic,place_of_worship,christian_place_of_worship,protestant_place_of_worship]
psychiatric_hospital;[health_care,hospital,specialty_hospital,psychiatric_hospital]
psychiatry;[health_care,outpatient_care_facility,behavioral_or_mental_health_clinic,psychiatry_or_psychology_service,psychiatry]
psychiatry_or_psychology_service;[health_care,outpatient_care_facility,behavioral_or_mental_health_clinic,psychiatry_or_psychology_service]
psychic;[arts_and_entertainment,supernatural_reading,psychic]
psychic_advising;[arts_and_entertainment,spiritual_advising,psychic_advising]
psychic_medium;[arts_and_entertainment,supernatural_reading,psychic_medium]
psychoanalysis;[health_care,outpatient_care_facility,behavioral_or_mental_health_clinic,psychiatry_or_psychology_service,psychoanalysis]
psychology;[health_care,outpatient_care_facility,behavioral_or_mental_health_clinic,psychiatry_or_psychology_service,psychology]
psychomotor_therapy;[health_care,outpatient_care_facility,physical_medicine_and_rehabilitation,psychomotor_therapy]
psychotherapy;[health_care,outpatient_care_facility,behavioral_or_mental_health_clinic,psychiatry_or_psychology_service,psychotherapy]
pub;[food_and_drink,alcoholic_beverage_venue,bar,pub]
public_adjuster;[services_and_business,financial_service,public_adjuster]
public_bath_house;[lifestyle_services,wellness_service,public_bath_house]
public_bath_houses;[beauty_and_spa,public_bath_houses]
public_facility;[community_and_government,public_facility]
public_fountain;[community_and_government,public_facility,public_fountain]
public_health_clinic;[health_care,outpatient_care_facility,primary_care_or_general_clinic,public_health_clinic]
public_market;[shopping,market,public_market]
public_pathway;[community_and_government,public_facility,public_pathway]
public_phone;[community_and_government,public_facility,public_phone]
public_phones;[professional_services,utility_service,public_phones]
public_plaza;[community_and_government,public_facility,public_plaza]
public_relations;[services_and_business,professional_service,public_relations]
public_restroom;[community_and_government,public_facility,public_restroom]
public_restrooms;[professional_services,utility_service,public_restrooms]
public_safety_service;[community_and_government,public_safety_service]
public_school;[education,place_of_learning,school,public_school]
public_service_and_government;[public_service_and_government]
public_transit_facility_or_service;[travel_and_transportation,ground_transport_facility_or_service,public_transit_facility_or_service]
public_transportation;[travel,transportation,public_transportation]
public_utility;[community_and_government,public_utility]
public_utility_company;[public_service_and_government,public_utility_company]
publisher;[services_and_business,media_service,media_news_company,publisher]
puerto_rican_restaurant;[food_and_drink,restaurant,latin_american_restaurant,caribbean_restaurant,puerto_rican_restaurant]
pulmonology;[health_care,outpatient_care_facility,specialized_health_care,pulmonology]
pumpkin_patch;[arts_and_entertainment,rural_attraction,pumpkin_patch]
punjabi_restaurant;[food_and_drink,restaurant,asian_restaurant,south_asian_restaurant,indian_restaurant,punjabi_restaurant]
pure_land_buddhist_place_of_worship;[cultural_and_historic,place_of_worship,buddhist_place_of_worship,mahayana_buddhist_place_of_worship,pure_land_buddhist_place_of_worship]
qi_gong_studio;[sports_and_recreation,sport_or_fitness_facility,fitness_studio,qi_gong_studio]
quarries;[business_to_business,b2b_energy_and_mining,mining,quarries]
quay;[geographic_entities,built_feature,quay]
race_track;[sports_and_recreation,sport_or_fitness_facility,race_track]
racing_experience;[sports_and_recreation,sport_or_fitness_facility,racing_experience]
racquetball_court;[sports_and_recreation,sport_or_fitness_facility,sport_court,racquetball_court]
radio_station;[services_and_business,media_service,media_news_company,radio_station]
radiology;[health_care,outpatient_care_facility,diagnostics_imaging_or_lab_service,radiology]
rafting_kayaking_area;[sports_and_recreation,sport_or_fitness_facility,water_sport,rafting_kayaking_area]
rail_facility_or_service;[travel_and_transportation,ground_transport_facility_or_service,rail_facility_or_service]
railroad_freight;[services_and_business,b2b_service,b2b_transportation_and_storage_service,railroad_freight]
railway_ticket_agent;[travel_and_transportation,ground_transport_facility_or_service,rail_facility_or_service,railway_ticket_agent]
rajasthani_restaurant;[food_and_drink,restaurant,asian_restaurant,south_asian_restaurant,indian_restaurant,rajasthani_restaurant]
ramen_restaurant;[food_and_drink,restaurant,asian_restaurant,ramen_restaurant]
ranch;[services_and_business,agricultural_service,farm,ranch]
real_estate_agent;[services_and_business,real_estate_service,real_estate_agent]
real_estate_investment;[services_and_business,financial_service,real_estate_investment]
real_estate_law;[services_and_business,legal_service,attorney_or_law_firm,real_estate_law]
real_estate_photography;[services_and_business,real_estate_service,real_estate_photography]
real_estate_service;[services_and_business,real_estate_service]
reconstructionist_jewish_place_of_worship;[cultural_and_historic,place_of_worship,jewish_place_of_worship,reconstructionist_jewish_place_of_worship]
record_label;[services_and_business,media_service,record_label]
recording_and_rehearsal_studio;[services_and_business,media_service,recording_and_rehearsal_studio]
recreation_vehicle_repair;[travel_and_transportation,vehicle_service,recreation_vehicle_service,recreation_vehicle_repair]
recreation_vehicle_service;[travel_and_transportation,vehicle_service,recreation_vehicle_service]
recreational_equipment_rental;[sports_and_recreation,recreational_equipment_rental]
recreational_trail_or_path;[sports_and_recreation,recreational_trail_or_path]
recreational_vehicle_dealer;[shopping,vehicle_dealer,recreational_vehicle_dealer]
recycling_center;[services_and_business,home_service,recycling_center]
refinishing_service;[services_and_business,home_service,refinishing_service]
refinishing_services;[home_service,refinishing_services]
reflexology;[health_care,outpatient_care_facility,complementary_and_alternative_medicine,reflexology]
reform_jewish_place_of_worship;[cultural_and_historic,place_of_worship,jewish_place_of_worship,reform_jewish_place_of_worship]
reformed_or_calvinist_place_of_worship;[cultural_and_historic,place_of_worship,christian_place_of_worship,protestant_place_of_worship,reformed_or_calvinist_place_of_worship]
refractive_surgery_or_lasik;[health_care,outpatient_care_facility,vision_or_eye_care_clinic,ophthalmology,refractive_surgery_or_lasik]
registry_office;[community_and_government,government_office,registry_office]
rehabilitation_center;[health_care,outpatient_care_facility,physical_medicine_and_rehabilitation,rehabilitation_center]
rehabilitation_hospital;[health_care,hospital,specialty_hospital,rehabilitation_hospital]
reiki;[health_care,outpatient_care_facility,complementary_and_alternative_medicine,reiki]
religious_and_spiritual_goods_store;[shopping,specialty_store,religious_and_spiritual_goods_store]
religious_destination;[religious_organization,religious_destination]
religious_items;[retail,shopping,religious_items]
religious_landmark;[cultural_and_historic,religious_landmark]
religious_organization;[cultural_and_historic,religious_organization]
religious_retreat_or_center;[cultural_and_historic,religious_retreat_or_center]
religious_school;[education,place_of_learning,school,religious_school]
rental_kiosk;[services_and_business,rental_service,rental_kiosk]
rental_kiosks;[retail,shopping,rental_kiosks]
rental_service;[services_and_business,rental_service]
rental_services;[real_estate,real_estate_service,rental_services]
reproductive_perinatal_and_womens_care;[health_care,outpatient_care_facility,reproductive_perinatal_and_womens_care]
reptile_store;[shopping,specialty_store,animal_and_pet_store,pet_store,reptile_store]
research_institute;[education,research_institute]
resort;[lodging,resort]
rest_areas;[travel,road_structures_and_services,rest_areas]
rest_stop;[travel_and_transportation,ground_transport_facility_or_service,road_structures_and_service,rest_stop]
restaurant;[food_and_drink,restaurant]
restaurant_equipment_and_supply;[services_and_business,b2b_service,supplier_or_distributor,restaurant_equipment_and_supply]
restaurant_management;[services_and_business,b2b_service,b2b_office_and_professional_service,restaurant_management]
restaurant_wholesale;[services_and_business,b2b_service,wholesaler,restaurant_wholesale]
restorationist_place_of_worship;[cultural_and_historic,place_of_worship,christian_place_of_worship,restorationist_place_of_worship]
retail;[retail]
retaining_wall_supplier;[services_and_business,b2b_service,supplier_or_distributor,retaining_wall_supplier]
retina_services;[health_care,outpatient_care_facility,vision_or_eye_care_clinic,ophthalmology,retina_services]
retirement_home;[services_and_business,housing_or_property_service,senior_living_facility,retirement_home]
retreat;[lodging,retreat]
rheumatology;[health_care,outpatient_care_facility,specialized_health_care,internal_medicine,rheumatology]
rice_mill;[services_and_business,b2b_service,manufacturer,mill,rice_mill]
rice_shop;[retail,shopping,grocery_store,rice_shop]
rice_store;[shopping,food_and_beverage_store,specialty_foods_store,rice_store]
ride_share_service;[travel_and_transportation,ground_transport_facility_or_service,taxi_or_ride_share_service,ride_share_service]
river;[geographic_entities,water_feature,river]
road_contractor;[services_and_business,building_or_construction_service,road_contractor]
road_structures_and_service;[travel_and_transportation,ground_transport_facility_or_service,road_structures_and_service]
road_structures_and_services;[travel,road_structures_and_services]
roadside_assistance;[travel_and_transportation,vehicle_service,roadside_assistance]
rock_climbing_gym;[sports_and_recreation,sport_or_fitness_facility,rock_climbing_gym]
rock_climbing_instructor;[sports_and_recreation,sport_or_fitness_facility,rock_climbing_instructor]
rock_climbing_spot;[sports_and_recreation,sport_or_fitness_facility,adventure_sport,rock_climbing_spot]
rodeo;[arts_and_entertainment,rural_attraction,rodeo]
roller_hockey_club;[sports_and_recreation,sport_or_recreation_club,hockey_club,roller_hockey_club]
roller_hockey_rink;[sports_and_recreation,sport_or_fitness_facility,hockey_rink,roller_hockey_rink]
roller_skating_rink;[sports_and_recreation,sport_or_fitness_facility,skating_rink,roller_skating_rink]
roman_catholic_place_of_worship;[cultural_and_historic,place_of_worship,christian_place_of_worship,roman_catholic_place_of_worship]
romanian_orthodox_place_of_worship;[cultural_and_historic,place_of_worship,christian_place_of_worship,eastern_orthodox_place_of_worship,romanian_orthodox_place_of_worship]
romanian_restaurant;[food_and_drink,restaurant,european_restaurant,eastern_european_restaurant,romanian_restaurant]
roofing;[services_and_business,home_service,ceiling_and_roofing_repair_and_service,roofing]
rotisserie_chicken_restaurant;[food_and_drink,restaurant,meat_restaurant,rotisserie_chicken_restaurant]
rowing_club;[sports_and_recreation,sport_or_recreation_club,rowing_club]
rubber_and_plastics_manufacturer;[services_and_business,b2b_service,manufacturer,rubber_and_plastics_manufacturer]
rug_store;[shopping,specialty_store,hardware_home_and_garden_store,rug_store]
rugby_pitch;[sports_and_recreation,sport_or_fitness_facility,sport_field,rugby_pitch]
rugby_stadium;[arts_and_entertainment,stadium_arena,stadium,rugby_stadium]
ruin;[cultural_and_historic,historic_site,ruin]
running;[sports_and_recreation,sport_or_fitness_facility,running_and_track,running]
running_and_track;[sports_and_recreation,sport_or_fitness_facility,running_and_track]
running_and_track_club;[sports_and_recreation,sport_or_recreation_club,running_and_track_club]
running_club;[sports_and_recreation,sport_or_recreation_club,running_and_track_club,running_club]
rural_attraction;[arts_and_entertainment,rural_attraction]
russian_grocery_store;[shopping,food_and_beverage_store,grocery_store,russian_grocery_store]
russian_orthodox_place_of_worship;[cultural_and_historic,place_of_worship,christian_place_of_worship,eastern_orthodox_place_of_worship,russian_orthodox_place_of_worship]
russian_restaurant;[food_and_drink,restaurant,european_restaurant,eastern_european_restaurant,russian_restaurant]
rv_park;[lodging,rv_park]
rv_parts_store;[shopping,specialty_store,vehicle_parts_store,rv_parts_store]
rv_rental_service;[services_and_business,rental_service,vehicle_rental_service,rv_rental_service]
rv_rentals;[travel,rental_service,rv_rentals]
rv_storage_facility;[services_and_business,storage_facility,rv_storage_facility]
ryokan;[lodging,ryokan]
safe_store;[shopping,specialty_store,safe_store]
safety_equipment;[retail,shopping,safety_equipment]
safety_equipment_store;[shopping,specialty_store,safety_equipment_store]
sailing_area;[sports_and_recreation,sport_or_fitness_facility,water_sport,sailing_area]
sailing_club;[sports_and_recreation,sport_or_recreation_club,sailing_club]
sake_bar;[food_and_drink,alcoholic_beverage_venue,bar,sake_bar]
salad_bar;[food_and_drink,restaurant,salad_bar]
salsa_club;[arts_and_entertainment,nightlife_venue,dance_club,salsa_club]
salvadoran_restaurant;[food_and_drink,restaurant,latin_american_restaurant,central_american_restaurant,salvadoran_restaurant]
sand_and_gravel_supplier;[services_and_business,b2b_service,supplier_or_distributor,sand_and_gravel_supplier]
sand_dune;[geographic_entities,land_feature,sand_dune]
sandblasting_service;[services_and_business,industrial_facility_or_service,sandblasting_service]
sandwich_shop;[food_and_drink,casual_eatery,sandwich_shop]
saree_shop;[shopping,fashion_and_apparel_store,clothing_store,traditional_clothing,saree_shop]
sauna;[lifestyle_services,wellness_service,sauna]
saw_mill;[business_to_business,business_manufacturing_and_supply,mills,saw_mill]
sawmill;[services_and_business,b2b_service,manufacturer,mill,sawmill]
scale_supplier;[services_and_business,b2b_service,supplier_or_distributor,scale_supplier]
scalp_micropigmentation;[lifestyle_services,personal_or_beauty_service,body_modification,scalp_micropigmentation]
scandinavian_restaurant;[food_and_drink,restaurant,european_restaurant,scandinavian_restaurant]
scavenger_hunt;[arts_and_entertainment,gaming_venue,scavenger_hunt]
scavenger_hunts_provider;[attractions_and_activities,scavenger_hunts_provider]
scenic_viewpoint;[geographic_entities,scenic_viewpoint]
schnitzel_restaurant;[food_and_drink,restaurant,european_restaurant,central_european_restaurant,schnitzel_restaurant]
school;[education,place_of_learning,school]
school_district_office;[education,education_office,school_district_office]
school_district_offices;[education,school_district_offices]
school_sport_league;[sports_and_recreation,sport_league,school_sport_league]
school_sport_team;[sports_and_recreation,sport_team,school_sport_team]
science_attraction;[arts_and_entertainment,science_attraction]
science_museum;[arts_and_entertainment,museum,science_museum]
science_school;[education,place_of_learning,college_university,science_school]
science_schools;[education,college_university,science_schools]
scientific_laboratories;[business_to_business,b2b_science_and_technology,scientific_laboratories]
scooter_dealer;[shopping,vehicle_dealer,scooter_dealer]
scooter_dealers;[automotive,automotive_dealer,scooter_dealers]
scooter_rental;[sports_and_recreation,recreational_equipment_rental,scooter_rental]
scooter_tour;[travel_and_transportation,travel_service,tour_operator,scooter_tour]
scooter_tours;[travel,tours,scooter_tours]
scottish_restaurant;[food_and_drink,restaurant,european_restaurant,western_european_restaurant,scottish_restaurant]
scout_hall;[community_and_government,social_or_community_service,scout_hall]
screen_printing_service;[services_and_business,printing_service,screen_printing_service]
scuba_diving_center;[sports_and_recreation,sport_or_fitness_facility,diving_center,scuba_diving_center]
scuba_diving_instruction;[sports_and_recreation,sport_or_fitness_facility,diving_instruction,scuba_diving_instruction]
sculpture_park;[arts_and_entertainment,arts_and_crafts_space,sculpture_park]
sculpture_statue;[arts_and_entertainment,arts_and_crafts_space,sculpture_statue]
sea;[geographic_entities,water_feature,sea]
seafood_market;[shopping,food_and_beverage_store,seafood_market]
seafood_restaurant;[food_and_drink,restaurant,seafood_restaurant]
seafood_wholesaler;[services_and_business,b2b_service,wholesaler,seafood_wholesaler]
seal_and_hanko_dealers;[business_to_business,business_manufacturing_and_supply,seal_and_hanko_dealers]
seal_and_hanko_supplier;[services_and_business,b2b_service,supplier_or_distributor,seal_and_hanko_supplier]
seaplane_base;[travel_and_transportation,air_transport_facility_or_service,airport,seaplane_base]
seaplane_bases;[travel,airport,seaplane_bases]
second_hand_clothing_store;[shopping,second_hand_store,second_hand_clothing_store]
second_hand_store;[shopping,second_hand_store]
secretarial_services;[business_to_business,business_to_business_services,consultant_and_general_service,secretarial_services]
security_service;[services_and_business,security_service]
security_services;[professional_services,security_services]
security_systems;[services_and_business,home_service,security_systems]
self_catering_accommodation;[lodging,self_catering_accommodation]
self_defense_class;[sports_and_recreation,sport_or_fitness_facility,self_defense_class]
self_defense_classes;[active_life,sports_and_fitness_instruction,self_defense_classes]
self_storage_facility;[services_and_business,storage_facility,self_storage_facility]
seminary;[cultural_and_historic,religious_organization,seminary]
senegalese_restaurant;[food_and_drink,restaurant,african_restaurant,west_african_restaurant,senegalese_restaurant]
senior_citizen_service;[community_and_government,social_or_community_service,senior_citizen_service]
senior_citizen_services;[public_service_and_government,organization,social_service_organizations,senior_citizen_services]
senior_living_facility;[services_and_business,housing_or_property_service,senior_living_facility]
septic_service;[community_and_government,public_utility,septic_service]
septic_services;[professional_services,septic_services]
serbian_orthodox_place_of_worship;[cultural_and_historic,place_of_worship,christian_place_of_worship,eastern_orthodox_place_of_worship,serbian_orthodox_place_of_worship]
serbo_croatian_restaurant;[food_and_drink,restaurant,european_restaurant,eastern_european_restaurant,serbo_croatian_restaurant]
serbo_croation_restaurant;[eat_and_drink,restaurant,serbo_croatian_restaurant]
service_apartment;[lodging,service_apartment]
service_apartments;[accommodation,service_apartments]
services_and_business;[services_and_business]
session_photography_service;[services_and_business,media_service,photography_service,session_photography_service]
sewing_and_alterations;[services_and_business,home_service,sewing_and_alterations]
sex_therapy;[health_care,outpatient_care_facility,behavioral_or_mental_health_clinic,counseling,sex_therapy]
shades_and_blinds;[services_and_business,home_service,shades_and_blinds]
shaiva_hindu_place_of_worship;[cultural_and_historic,place_of_worship,hindu_place_of_worship,shaiva_hindu_place_of_worship]
shakta_hindu_place_of_worship;[cultural_and_historic,place_of_worship,hindu_place_of_worship,shakta_hindu_place_of_worship]
shandong_restaurant;[food_and_drink,restaurant,asian_restaurant,east_asian_restaurant,chinese_restaurant,shandong_restaurant]
shanghainese_restaurant;[food_and_drink,restaurant,asian_restaurant,east_asian_restaurant,chinese_restaurant,shanghainese_restaurant]
shared_office_space;[services_and_business,real_estate_service,shared_office_space]
shaved_ice_shop;[food_and_drink,casual_eatery,dessert_shop,shaved_ice_shop]
shaved_snow_shop;[retail,food,ice_cream_and_frozen_yoghurt,shaved_snow_shop]
sheet_metal_fabricator;[services_and_business,b2b_service,manufacturer,metals,sheet_metal_fabricator]
shia_muslim_place_of_worship;[cultural_and_historic,place_of_worship,muslim_place_of_worship,shia_muslim_place_of_worship]
shinto_shrine;[cultural_and_historic,religious_landmark,shrine,shinto_shrine]
shinto_shrines;[religious_organization,shinto_shrines]
shipping_center;[services_and_business,shipping_or_delivery_service,shipping_center]
shipping_collection_service;[services_and_business,shipping_or_delivery_service,shipping_collection_service]
shipping_collection_services;[public_service_and_government,post_office,shipping_collection_services]
shipping_or_delivery_service;[services_and_business,shipping_or_delivery_service]
shoe_factory_manufacturer;[services_and_business,b2b_service,manufacturer,apparel_manufacturer,shoe_factory_manufacturer]
shoe_repair;[lifestyle_services,personal_or_beauty_service,shoe_repair]
shoe_shining_service;[lifestyle_services,personal_or_beauty_service,shoe_shining_service]
shoe_store;[shopping,fashion_and_apparel_store,shoe_store]
shooting_range;[sports_and_recreation,sport_or_fitness_facility,shooting_range]
shopping;[shopping]
shopping_mall;[shopping,shopping_mall]
shopping_passage;[shopping,market,shopping_passage]
shopping_service;[shopping,shopping_service]
shredding_service;[services_and_business,professional_service,shredding_service]
shredding_services;[professional_services,shredding_services]
shrine;[cultural_and_historic,religious_landmark,shrine]
shutters;[services_and_business,home_service,shutters]
sichuan_restaurant;[food_and_drink,restaurant,asian_restaurant,east_asian_restaurant,chinese_restaurant,sichuan_restaurant]
siding;[services_and_business,home_service,siding]
sightseeing_tour_agency;[travel_and_transportation,travel_service,tour_operator,sightseeing_tour_agency]
sign_making;[services_and_business,design_service,sign_making]
sikh_place_of_worship;[cultural_and_historic,place_of_worship,sikh_place_of_worship]
sikh_temple;[religious_organization,sikh_temple]
silent_disco;[services_and_business,event_or_party_service,silent_disco]
singaporean_restaurant;[food_and_drink,restaurant,asian_restaurant,southeast_asian_restaurant,singaporean_restaurant]
skate_park;[sports_and_recreation,sport_or_fitness_facility,skate_park]
skate_shop;[retail,shopping,sporting_goods,skate_shop]
skate_store;[shopping,specialty_store,sporting_goods_store,skate_store]
skating_rink;[sports_and_recreation,sport_or_fitness_facility,skating_rink]
ski_and_snowboard_school;[sports_and_recreation,sport_or_fitness_facility,ski_and_snowboard_school]
ski_and_snowboard_shop;[retail,shopping,sporting_goods,ski_and_snowboard_shop]
ski_and_snowboard_store;[shopping,specialty_store,sporting_goods_store,ski_and_snowboard_store]
ski_area;[sports_and_recreation,sport_or_fitness_facility,snow_sport,ski_area]
ski_chairlift;[sports_and_recreation,sport_or_fitness_facility,snow_sport,ski_chairlift]
ski_chalet;[sports_and_recreation,sport_or_fitness_facility,snow_sport,ski_chalet]
ski_resort;[lodging,resort,ski_resort]
ski_resort_area;[sports_and_recreation,sport_or_fitness_facility,snow_sport,ski_resort_area]
skin_care;[beauty_and_spa,skin_care]
skin_care_and_makeup;[lifestyle_services,personal_or_beauty_service,skin_care_and_makeup]
sky_diving;[sports_and_recreation,sport_or_fitness_facility,sky_diving]
sky_diving_drop_zone;[sports_and_recreation,sport_or_fitness_facility,sky_diving,sky_diving_drop_zone]
skydiving_center;[sports_and_recreation,sport_or_fitness_facility,sky_diving,skydiving_center]
skylight_installation;[services_and_business,home_service,windows_installation,skylight_installation]
skyline;[geographic_entities,scenic_viewpoint,skyline]
skyscraper;[geographic_entities,built_feature,building,skyscraper]
sledding_rental;[sports_and_recreation,recreational_equipment_rental,sledding_rental]
sleep_medicine;[health_care,outpatient_care_facility,specialized_health_care,pulmonology,sleep_medicine]
sleepwear;[shopping,fashion_and_apparel_store,clothing_store,sleepwear]
slovakian_restaurant;[food_and_drink,restaurant,european_restaurant,central_european_restaurant,slovakian_restaurant]
smarta_hindu_place_of_worship;[cultural_and_historic,place_of_worship,hindu_place_of_worship,smarta_hindu_place_of_worship]
smoke_and_vape_store;[shopping,specialty_store,smoke_and_vape_store]
smokehouse;[shopping,food_and_beverage_store,smokehouse]
smoothie_juice_bar;[food_and_drink,non_alcoholic_beverage_venue,smoothie_juice_bar]
snorkeling;[sports_and_recreation,sport_or_fitness_facility,water_sport,snorkeling]
snorkeling_equipment_rental;[sports_and_recreation,recreational_equipment_rental,snorkeling_equipment_rental]
snow_removal_service;[services_and_business,home_service,snow_removal_service]
snow_sport;[sports_and_recreation,sport_or_fitness_facility,snow_sport]
snowboarding_center;[sports_and_recreation,sport_or_fitness_facility,snow_sport,snowboarding_center]
snuggle_service;[lifestyle_services,wellness_service,snuggle_service]
soccer_club;[sports_and_recreation,sport_or_recreation_club,soccer_club]
soccer_field;[sports_and_recreation,sport_or_fitness_facility,sport_field,soccer_field]
soccer_stadium;[arts_and_entertainment,stadium_arena,stadium,soccer_stadium]
social_and_human_service;[community_and_government,social_or_community_service,social_and_human_service]
social_and_human_services;[public_service_and_government,organization,social_service_organizations,social_and_human_services]
social_club;[arts_and_entertainment,social_club]
social_media_agency;[services_and_business,professional_service,social_media_agency]
social_media_company;[services_and_business,media_service,media_news_company,social_media_company]
social_or_community_service;[community_and_government,social_or_community_service]
social_security_law;[services_and_business,legal_service,attorney_or_law_firm,social_security_law]
social_security_service;[community_and_government,government_office,social_security_service]
social_security_services;[public_service_and_government,government_services,social_security_services]
social_service_organizations;[public_service_and_government,organization,social_service_organizations]
social_welfare_center;[community_and_government,social_or_community_service,social_welfare_center]
softball_field;[sports_and_recreation,sport_or_fitness_facility,sport_field,softball_field]
software_development;[services_and_business,technical_service,software_development]
solar_installation;[services_and_business,home_service,solar_installation]
solar_panel_cleaning;[services_and_business,home_service,solar_panel_cleaning]
somalian_restaurant;[food_and_drink,restaurant,african_restaurant,east_african_restaurant,somalian_restaurant]
sommelier_service;[services_and_business,event_or_party_service,sommelier_service]
sophrology;[health_care,outpatient_care_facility,behavioral_or_mental_health_clinic,sophrology]
soul_food;[food_and_drink,restaurant,soul_food]
soup_restaurant;[food_and_drink,restaurant,soup_restaurant]
south_african_restaurant;[food_and_drink,restaurant,african_restaurant,southern_african_restaurant,south_african_restaurant]
south_american_restaurant;[food_and_drink,restaurant,latin_american_restaurant,south_american_restaurant]
south_asian_restaurant;[food_and_drink,restaurant,asian_restaurant,south_asian_restaurant]
south_indian_restaurant;[food_and_drink,restaurant,asian_restaurant,south_asian_restaurant,indian_restaurant,south_indian_restaurant]
southeast_asian_restaurant;[food_and_drink,restaurant,asian_restaurant,southeast_asian_restaurant]
southern_african_restaurant;[food_and_drink,restaurant,african_restaurant,southern_african_restaurant]
southern_american_restaurant;[food_and_drink,restaurant,north_american_restaurant,american_restaurant,southern_american_restaurant]
southern_restaurant;[eat_and_drink,restaurant,southern_restaurant]
souvenir_shop;[retail,shopping,souvenir_shop]
souvenir_store;[shopping,specialty_store,souvenir_store]
spa;[lifestyle_services,wellness_service,spa]
spanish_restaurant;[food_and_drink,restaurant,european_restaurant,iberian_restaurant,spanish_restaurant]
spas;[beauty_and_spa,spas]
speakeasy;[food_and_drink,alcoholic_beverage_venue,bar,speakeasy]
special_diet_restaurant;[food_and_drink,restaurant,special_diet_restaurant]
specialized_health_care;[health_care,outpatient_care_facility,specialized_health_care]
specialized_medical_facility;[health_care,specialized_medical_facility]
specialty_foods;[retail,food,specialty_foods]
specialty_foods_store;[shopping,food_and_beverage_store,specialty_foods_store]
specialty_grocery_store;[retail,shopping,grocery_store,specialty_grocery_store]
specialty_hospital;[health_care,hospital,specialty_hospital]
specialty_school;[education,place_of_learning,specialty_school]
specialty_store;[shopping,specialty_store]
speech_therapy;[health_care,outpatient_care_facility,physical_medicine_and_rehabilitation,speech_therapy]
speech_training;[education,place_of_learning,specialty_school,speech_training]
sperm_clinic;[health_care,medical_service,sperm_clinic]
spices_wholesaler;[services_and_business,b2b_service,wholesaler,spices_wholesaler]
spine_surgery;[health_care,specialized_medical_facility,surgery,orthopedic_surgery,spine_surgery]
spiritual_advising;[arts_and_entertainment,spiritual_advising]
spiritual_shop;[retail,shopping,spiritual_shop]
sport_court;[sports_and_recreation,sport_or_fitness_facility,sport_court]
sport_equipment_rental;[sports_and_recreation,recreational_equipment_rental,sport_equipment_rental]
sport_equipment_rentals;[active_life,sports_and_recreation_rental_and_services,sport_equipment_rentals]
sport_field;[sports_and_recreation,sport_or_fitness_facility,sport_field]
sport_league;[sports_and_recreation,sport_league]
sport_or_fitness_facility;[sports_and_recreation,sport_or_fitness_facility]
sport_or_recreation_club;[sports_and_recreation,sport_or_recreation_club]
sport_team;[sports_and_recreation,sport_team]
sporting_goods;[retail,shopping,sporting_goods]
sporting_goods_manufacturer;[services_and_business,b2b_service,manufacturer,sporting_goods_manufacturer]
sporting_goods_store;[shopping,specialty_store,sporting_goods_store]
sports_and_recreation;[sports_and_recreation]
sports_and_recreation_rental_and_services;[active_life,sports_and_recreation_rental_and_services]
sports_bar;[food_and_drink,alcoholic_beverage_venue,bar,sports_bar]
sports_complex;[sports_and_recreation,sport_or_fitness_facility,sports_complex]
sports_medicine;[health_care,outpatient_care_facility,specialized_health_care,sports_medicine]
sports_museum;[arts_and_entertainment,museum,sports_museum]
sports_psychology;[health_care,outpatient_care_facility,behavioral_or_mental_health_clinic,psychiatry_or_psychology_service,psychology,sports_psychology]
sports_school;[education,place_of_learning,specialty_school,sports_school]
sports_wear;[retail,shopping,sporting_goods,sports_wear]
sportswear_store;[shopping,specialty_store,sporting_goods_store,sportswear_store]
spray_tanning;[lifestyle_services,personal_or_beauty_service,tanning_salon,spray_tanning]
spring_supplier;[services_and_business,b2b_service,supplier_or_distributor,spring_supplier]
squash_court;[sports_and_recreation,sport_or_fitness_facility,sport_court,squash_court]
sri_lankan_restaurant;[food_and_drink,restaurant,asian_restaurant,south_asian_restaurant,sri_lankan_restaurant]
stadium;[arts_and_entertainment,stadium_arena,stadium]
stadium_arena;[arts_and_entertainment,stadium_arena]
stargazing_area;[geographic_entities,scenic_viewpoint,stargazing_area]
state_museum;[arts_and_entertainment,museum,state_museum]
state_park;[sports_and_recreation,park,state_park]
steakhouse;[food_and_drink,restaurant,meat_restaurant,steakhouse]
steel_fabricator;[services_and_business,b2b_service,manufacturer,metals,steel_fabricator]
steel_fabricators;[business_to_business,business_manufacturing_and_supply,metals,steel_fabricators]
stock_and_bond_broker;[services_and_business,financial_service,broker,stock_and_bond_broker]
stock_and_bond_brokers;[financial_service,brokers,stock_and_bond_brokers]
stocking;[retail,shopping,fashion,stocking]
stone_and_masonry;[services_and_business,building_or_construction_service,stone_and_masonry]
stone_supplier;[services_and_business,b2b_service,supplier_or_distributor,stone_supplier]
storage_facility;[services_and_business,storage_facility]
storefront_clinic;[health_care,outpatient_care_facility,primary_care_or_general_clinic,storefront_clinic]
street_art;[arts_and_entertainment,arts_and_crafts_space,street_art]
street_hockey_club;[sports_and_recreation,sport_or_recreation_club,hockey_club,street_hockey_club]
street_hockey_court;[sports_and_recreation,sport_or_fitness_facility,sport_court,street_hockey_court]
street_vendor;[shopping,market,street_vendor]
stress_management_service;[health_care,outpatient_care_facility,behavioral_or_mental_health_clinic,behavioral_or_crisis_service,stress_management_service]
stress_management_services;[health_and_medical,counseling_and_mental_health,stress_management_services]
strip_club;[arts_and_entertainment,nightlife_venue,adult_entertainment_venue,strip_club]
striptease_dancer;[arts_and_entertainment,adult_entertainment,striptease_dancer]
structural_engineer;[services_and_business,home_service,structural_engineer]
structure_and_geography;[structure_and_geography]
stucco_service;[services_and_business,home_service,stucco_service]
stucco_services;[home_service,stucco_services]
student_union;[education,educational_facility,campus_building,student_union]
studio_taping;[services_and_business,media_service,studio_taping]
sufi_shrine;[cultural_and_historic,religious_landmark,shrine,sufi_shrine]
sugar_shack;[food_and_drink,casual_eatery,sugar_shack]
sugaring;[lifestyle_services,personal_or_beauty_service,hair_removal,sugaring]
suicide_prevention_service;[health_care,outpatient_care_facility,behavioral_or_mental_health_clinic,behavioral_or_crisis_service,suicide_prevention_service]
suicide_prevention_services;[health_and_medical,counseling_and_mental_health,suicide_prevention_services]
sundanese_restaurant;[food_and_drink,restaurant,asian_restaurant,southeast_asian_restaurant,indonesian_restaurant,sundanese_restaurant]
sunglasses_store;[shopping,fashion_and_apparel_store,eyewear_store,sunglasses_store]
sunni_muslim_place_of_worship;[cultural_and_historic,place_of_worship,muslim_place_of_worship,sunni_muslim_place_of_worship]
supermarket;[retail,shopping,supermarket]
supernatural_reading;[arts_and_entertainment,supernatural_reading]
superstore;[shopping,superstore]
supper_club;[food_and_drink,restaurant,supper_club]
supplier_or_distributor;[services_and_business,b2b_service,supplier_or_distributor]
surf_lifesaving_club;[sports_and_recreation,sport_or_recreation_club,surf_lifesaving_club]
surf_shop;[retail,shopping,sporting_goods,surf_shop]
surf_store;[shopping,specialty_store,sporting_goods_store,surf_store]
surfboard_rental;[sports_and_recreation,recreational_equipment_rental,surfboard_rental]
surfing;[sports_and_recreation,sport_or_fitness_facility,water_sport,surfing]
surfing_school;[sports_and_recreation,sport_or_fitness_facility,surfing_school]
surgery;[health_care,specialized_medical_facility,surgery]
surgery_center;[health_care,specialized_medical_facility,surgery,surgery_center]
surinamese_restaurant;[food_and_drink,restaurant,latin_american_restaurant,south_american_restaurant,surinamese_restaurant]
sushi_restaurant;[food_and_drink,restaurant,asian_restaurant,east_asian_restaurant,japanese_restaurant,sushi_restaurant]
swedish_restaurant;[food_and_drink,restaurant,european_restaurant,scandinavian_restaurant,swedish_restaurant]
swimming_instructor;[sports_and_recreation,sport_or_fitness_facility,swimming_pool,swimming_instructor]
swimming_pool;[sports_and_recreation,sport_or_fitness_facility,swimming_pool]
swimwear_store;[shopping,specialty_store,sporting_goods_store,swimwear_store]
swiss_restaurant;[food_and_drink,restaurant,european_restaurant,central_european_restaurant,swiss_restaurant]
synagogue;[religious_organization,synagogue]
syriac_orthodox_place_of_worship;[cultural_and_historic,place_of_worship,christian_place_of_worship,oriental_orthodox_place_of_worship,syriac_orthodox_place_of_worship]
syrian_restaurant;[food_and_drink,restaurant,middle_eastern_restaurant,syrian_restaurant]
t_shirt_printing_service;[services_and_business,printing_service,screen_printing_service,t_shirt_printing_service]
t_shirt_store;[shopping,fashion_and_apparel_store,clothing_store,t_shirt_store]
tabac;[eat_and_drink,bar,tabac]
table_tennis_club;[sports_and_recreation,sport_or_recreation_club,table_tennis_club]
tabletop_games;[retail,shopping,tabletop_games]
tabletop_games_store;[shopping,specialty_store,toys_and_games_store,tabletop_games_store]
tableware_supplier;[services_and_business,b2b_service,supplier_or_distributor,tableware_supplier]
taco_restaurant;[food_and_drink,restaurant,latin_american_restaurant,taco_restaurant]
tactical_supply_store;[shopping,specialty_store,tactical_supply_store]
taekwondo_club;[sports_and_recreation,sport_or_recreation_club,martial_arts_club,taekwondo_club]
tai_chi_studio;[sports_and_recreation,sport_or_fitness_facility,fitness_studio,tai_chi_studio]
tailor;[services_and_business,home_service,sewing_and_alterations,tailor]
taiwanese_restaurant;[food_and_drink,restaurant,asian_restaurant,east_asian_restaurant,taiwanese_restaurant]
talent_agency;[services_and_business,professional_service,talent_agency]
tanning_bed;[lifestyle_services,personal_or_beauty_service,tanning_salon,tanning_bed]
tanning_salon;[lifestyle_services,personal_or_beauty_service,tanning_salon]
tapas_bar;[food_and_drink,casual_eatery,tapas_bar]
tasting_class;[education,place_of_learning,class_venue,tasting_class]
tasting_classes;[education,tasting_classes]
tatar_restaurant;[food_and_drink,restaurant,european_restaurant,eastern_european_restaurant,russian_restaurant,tatar_restaurant]
tattoo;[lifestyle_services,personal_or_beauty_service,body_modification,tattoo_and_piercing,tattoo]
tattoo_and_piercing;[lifestyle_services,personal_or_beauty_service,body_modification,tattoo_and_piercing]
tattoo_removal;[health_care,outpatient_care_facility,specialized_health_care,medical_skin_care,tattoo_removal]
tax_law;[services_and_business,legal_service,attorney_or_law_firm,tax_law]
tax_office;[community_and_government,government_office,tax_office]
tax_service;[services_and_business,financial_service,tax_service]
tax_services;[financial_service,tax_services]
taxi_or_ride_share_service;[travel_and_transportation,ground_transport_facility_or_service,taxi_or_ride_share_service]
taxi_rank;[travel,transportation,taxi_rank]
taxi_service;[travel_and_transportation,ground_transport_facility_or_service,taxi_or_ride_share_service,taxi_service]
taxi_stand;[travel_and_transportation,ground_transport_facility_or_service,taxi_or_ride_share_service,taxi_service,taxi_stand]
taxidermist;[services_and_business,technical_service,taxidermist]
tea_room;[food_and_drink,non_alcoholic_beverage_venue,tea_room]
tea_wholesaler;[services_and_business,b2b_service,wholesaler,tea_wholesaler]
team_building_activity;[services_and_business,event_or_party_service,team_building_activity]
technical_service;[services_and_business,technical_service]
teeth_jewelry_service;[lifestyle_services,personal_or_beauty_service,beauty_salon,teeth_jewelry_service]
teeth_whitening;[lifestyle_services,personal_or_beauty_service,teeth_whitening]
telecommunications_company;[services_and_business,corporate_or_business_office,telecommunications_company]
telecommunications_service;[services_and_business,telecommunications_service]
telemarketing_services;[business_to_business,business_advertising,telemarketing_services]
telephone_service;[services_and_business,technical_service,telephone_service]
telephone_services;[professional_services,telephone_services]
television_service_provider;[services_and_business,home_service,television_service_provider]
television_service_providers;[home_service,television_service_providers]
television_station;[services_and_business,media_service,media_news_company,television_station]
temp_agency;[services_and_business,professional_service,employment_agency,temp_agency]
temple;[religious_organization,temple]
tenant_and_eviction_law;[services_and_business,legal_service,tenant_and_eviction_law]
tennis_court;[sports_and_recreation,sport_or_fitness_facility,sport_court,tennis_court]
tennis_stadium;[arts_and_entertainment,stadium_arena,stadium,tennis_stadium]
tent_house_supplier;[services_and_business,b2b_service,supplier_or_distributor,tent_house_supplier]
test_preparation;[education,educational_service,test_preparation]
texmex_restaurant;[food_and_drink,restaurant,latin_american_restaurant,texmex_restaurant]
textile_manufacturer;[services_and_business,b2b_service,manufacturer,textile_manufacturer]
textile_mill;[services_and_business,b2b_service,manufacturer,mill,textile_mill]
textile_museum;[arts_and_entertainment,museum,art_museum,textile_museum]
thai_restaurant;[food_and_drink,restaurant,asian_restaurant,southeast_asian_restaurant,thai_restaurant]
theatre;[arts_and_entertainment,theaters_and_performance_venues,theatre]
theatre_venue;[arts_and_entertainment,performing_arts_venue,theatre_venue]
theatres_and_performance_venues;[theatres_and_performance_venues]
theatrical_production;[services_and_business,media_service,theatrical_production]
theatrical_productions;[mass_media,treatrical_productions]
theme_restaurant;[food_and_drink,restaurant,theme_restaurant]
theravada_buddhist_place_of_worship;[cultural_and_historic,place_of_worship,buddhist_place_of_worship,theravada_buddhist_place_of_worship]
thread_supplier;[services_and_business,b2b_service,supplier_or_distributor,thread_supplier]
threading_service;[lifestyle_services,personal_or_beauty_service,hair_removal,threading_service]
threads_and_yarns_wholesaler;[services_and_business,b2b_service,wholesaler,threads_and_yarns_wholesaler]
thrift_store;[retail,shopping,thrift_store]
tibetan_restaurant;[food_and_drink,restaurant,asian_restaurant,south_asian_restaurant,tibetan_restaurant]
ticket_office_or_booth;[arts_and_entertainment,ticket_office_or_booth]
ticket_sales;[arts_and_entertainment,ticket_sales]
tiki_bar;[food_and_drink,alcoholic_beverage_venue,bar,tiki_bar]
tile_store;[shopping,specialty_store,hardware_home_and_garden_store,tile_store]
tiling;[services_and_business,home_service,tiling]
tire_dealer_and_repair;[travel_and_transportation,vehicle_service,automotive_service,automotive_repair,tire_dealer_and_repair]
tire_repair_shop;[retail,tire_shop,tire_repair_shop]
tire_shop;[travel_and_transportation,vehicle_service,automotive_service,tire_shop]
tires_manufacturer;[services_and_business,b2b_service,manufacturer,vehicle_parts_manufacturer,tires_manufacturer]
tobacco_company;[services_and_business,corporate_or_business_office,tobacco_company]
tobacco_shop;[shopping,food_and_beverage_store,tobacco_shop]
toll_station;[travel_and_transportation,ground_transport_facility_or_service,road_structures_and_service,toll_station]
toll_stations;[travel,road_structures_and_services,toll_stations]
tools_wholesaler;[services_and_business,b2b_service,wholesaler,tools_wholesaler]
topic_concert_venue;[arts_and_entertainment,topic_concert_venue]
topic_publisher;[mass_media,media_news_company,topic_publisher]
tour_operator;[travel_and_transportation,travel_service,tour_operator]
tours;[travel,tours]
tower_communication_service;[services_and_business,b2b_service,b2b_telecommunications_service,tower_communication_service]
towing_service;[travel_and_transportation,vehicle_service,automotive_service,towing_service]
town_car_service;[travel_and_transportation,ground_transport_facility_or_service,taxi_or_ride_share_service,town_car_service]
town_hall;[community_and_government,government_office,town_hall]
toxicology;[health_care,outpatient_care_facility,specialized_health_care,preventive_medicine,toxicology]
toy_store;[shopping,specialty_store,toys_and_games_store,toy_store]
toys_and_games_store;[shopping,specialty_store,toys_and_games_store]
track_and_field_club;[sports_and_recreation,sport_or_recreation_club,running_and_track_club,track_and_field_club]
track_and_field_track;[sports_and_recreation,sport_or_fitness_facility,race_track,track_and_field_track]
track_field_event;[sports_and_recreation,sport_or_fitness_facility,running_and_track,track_field_event]
track_stadium;[arts_and_entertainment,stadium_arena,stadium,track_stadium]
tractor_dealer;[services_and_business,b2b_service,b2b_transportation_and_storage_service,truck_and_industrial_vehicle_services,tractor_dealer]
trade_fair;[arts_and_entertainment,festival,trade_fair]
traditional_chinese_medicine;[health_care,outpatient_care_facility,complementary_and_alternative_medicine,traditional_chinese_medicine]
traditional_clothing;[shopping,fashion_and_apparel_store,clothing_store,traditional_clothing]
traffic_school;[education,place_of_learning,specialty_school,traffic_school]
traffic_ticketing_law;[services_and_business,legal_service,attorney_or_law_firm,traffic_ticketing_law]
trailer_dealer;[shopping,vehicle_dealer,trailer_dealer]
trailer_rental_service;[services_and_business,rental_service,vehicle_rental_service,trailer_rental_service]
trailer_rentals;[travel,rental_service,trailer_rentals]
trailer_repair;[travel_and_transportation,vehicle_service,automotive_service,automotive_repair,trailer_repair]
train;[travel_and_transportation,ground_transport_facility_or_service,rail_facility_or_service,train]
train_station;[travel_and_transportation,ground_transport_facility_or_service,rail_facility_or_service,train_station]
trains;[travel,transportation,trains]
trampoline_park;[sports_and_recreation,sport_or_fitness_facility,trampoline_park]
transcription_service;[services_and_business,b2b_service,b2b_office_and_professional_service,transcription_service]
transcription_services;[business_to_business,business_to_business_services,transcription_services]
translating_and_interpreting_service;[services_and_business,b2b_service,b2b_office_and_professional_service,translating_and_interpreting_service]
translating_and_interpreting_services;[business_to_business,business_to_business_services,translating_and_interpreting_services]
translation_service;[services_and_business,professional_service,translation_service]
translation_services;[professional_services,translation_services]
transmission_repair;[travel_and_transportation,vehicle_service,automotive_service,automotive_repair,transmission_repair]
transport_interchange;[travel_and_transportation,transport_interchange]
transportation;[travel,transportation]
travel_agent;[travel_and_transportation,travel_service,travel_agent]
travel_agents;[travel,travel_services,travel_agents]
travel_and_transportation;[travel_and_transportation]
travel_company;[services_and_business,corporate_or_business_office,travel_company]
travel_service;[travel_and_transportation,travel_service]
travel_services;[travel,travel_services]
tree_service;[services_and_business,home_service,landscaping,tree_service]
tree_services;[home_service,landscaping,tree_services]
trinidadian_restaurant;[food_and_drink,restaurant,latin_american_restaurant,caribbean_restaurant,trinidadian_restaurant]
trivia_host;[services_and_business,event_or_party_service,trivia_host]
trophy_shop;[retail,shopping,trophy_shop]
trophy_store;[shopping,specialty_store,trophy_store]
tropical_medicine;[health_care,outpatient_care_facility,specialized_health_care,internal_medicine,infectious_disease,tropical_medicine]
truck_and_industrial_vehicle_services;[services_and_business,b2b_service,b2b_transportation_and_storage_service,truck_and_industrial_vehicle_services]
truck_dealer;[shopping,vehicle_dealer,truck_dealer]
truck_dealer_for_businesses;[business_to_business,business_storage_and_transportation,trucks_and_industrial_vehicles,truck_dealer_for_businesses]
truck_gas_station;[travel_and_transportation,fueling_station,gas_station,truck_gas_station]
truck_parts_and_accessories;[services_and_business,b2b_service,b2b_transportation_and_storage_service,truck_and_industrial_vehicle_services,truck_parts_and_accessories]
truck_rental_service;[services_and_business,rental_service,vehicle_rental_service,truck_rental_service]
truck_rentals;[travel,rental_service,truck_rentals]
truck_repair;[travel_and_transportation,vehicle_service,automotive_service,truck_repair]
truck_repair_and_services_for_businesses;[business_to_business,business_storage_and_transportation,trucks_and_industrial_vehicles,truck_repair_and_services_for_businesses]
truck_stop;[travel_and_transportation,ground_transport_facility_or_service,road_structures_and_service,truck_stop]
trucks_and_industrial_vehicles;[business_to_business,business_storage_and_transportation,trucks_and_industrial_vehicles]
trusts;[services_and_business,financial_service,trusts]
tubing_provider;[sports_and_recreation,sport_or_fitness_facility,tubing_provider]
tui_na;[health_care,outpatient_care_facility,complementary_and_alternative_medicine,traditional_chinese_medicine,tui_na]
turkish_bath;[lifestyle_services,wellness_service,public_bath_house,turkish_bath]
turkish_baths;[beauty_and_spa,turkish_baths]
turkish_restaurant;[food_and_drink,restaurant,middle_eastern_restaurant,turkish_restaurant]
turkmen_restaurant;[food_and_drink,restaurant,middle_eastern_restaurant,turkmen_restaurant]
turnery;[services_and_business,b2b_service,b2b_industrial_and_machine_service,turnery]
tutoring_service;[education,educational_service,tutoring_service]
tv_mounting;[services_and_business,home_service,tv_mounting]
typing_service;[services_and_business,professional_service,typing_service]
typing_services;[professional_services,typing_services]
ukrainian_restaurant;[food_and_drink,restaurant,european_restaurant,eastern_european_restaurant,ukrainian_restaurant]
ultralight_airport;[travel_and_transportation,air_transport_facility_or_service,airport,ultralight_airport]
ultralight_airports;[travel,airport,ultralight_airports]
ultrasound_imaging;[health_care,outpatient_care_facility,diagnostics_imaging_or_lab_service,diagnostic_imaging,ultrasound_imaging]
unemployment_office;[community_and_government,government_office,unemployment_office]
uniform_store;[shopping,fashion_and_apparel_store,clothing_store,uniform_store]
university_housing;[services_and_business,housing_or_property_service,university_housing]
urban_farm;[services_and_business,agricultural_service,farm,urban_farm]
urgent_care_clinic;[health_care,emergency_or_urgent_care_facility,urgent_care_clinic]
urology;[health_care,outpatient_care_facility,specialized_health_care,urology]
uruguayan_restaurant;[food_and_drink,restaurant,latin_american_restaurant,south_american_restaurant,uruguayan_restaurant]
used_auto_dealer;[shopping,vehicle_dealer,auto_dealer,used_auto_dealer]
used_bookstore;[shopping,specialty_store,books_music_and_video_store,bookstore,used_bookstore]
used_vintage_and_consignment;[retail,shopping,fashion,used_vintage_and_consignment]
utility_energy_infrastructure;[services_and_business,utility_energy_infrastructure]
utility_service;[professional_services,utility_service]
uzbek_restaurant;[food_and_drink,restaurant,asian_restaurant,central_asian_restaurant,uzbek_restaurant]
vacation_rental_agent;[travel_and_transportation,travel_service,vacation_rental_agent]
vacation_rental_agents;[travel,vacation_rental_agents]
vaishnava_hindu_place_of_worship;[cultural_and_historic,place_of_worship,hindu_place_of_worship,vaishnava_hindu_place_of_worship]
vajrayana_buddhist_place_of_worship;[cultural_and_historic,place_of_worship,buddhist_place_of_worship,vajrayana_buddhist_place_of_worship]
valet_service;[services_and_business,event_or_party_service,valet_service]
valley;[geographic_entities,land_feature,valley]
vascular_medicine;[health_care,outpatient_care_facility,specialized_health_care,cardiovascular_and_vascular_medicine,vascular_medicine]
vegan_restaurant;[food_and_drink,restaurant,special_diet_restaurant,vegan_restaurant]
vegetarian_restaurant;[food_and_drink,restaurant,special_diet_restaurant,vegetarian_restaurant]
vehicle_dealer;[shopping,vehicle_dealer]
vehicle_manufacturer;[services_and_business,b2b_service,manufacturer,vehicle_manufacturer]
vehicle_parts_manufacturer;[services_and_business,b2b_service,manufacturer,vehicle_parts_manufacturer]
vehicle_parts_store;[shopping,specialty_store,vehicle_parts_store]
vehicle_rental_service;[services_and_business,rental_service,vehicle_rental_service]
vehicle_service;[travel_and_transportation,vehicle_service]
vehicle_shipping;[services_and_business,shipping_or_delivery_service,vehicle_shipping]
vehicle_wrap;[travel_and_transportation,vehicle_service,automotive_service,vehicle_wrap]
velodrome;[sports_and_recreation,sport_or_fitness_facility,race_track,velodrome]
vending_machine_supplier;[services_and_business,b2b_service,supplier_or_distributor,vending_machine_supplier]
venezuelan_restaurant;[food_and_drink,restaurant,latin_american_restaurant,south_american_restaurant,venezuelan_restaurant]
venison_restaurant;[food_and_drink,restaurant,meat_restaurant,venison_restaurant]
venue_and_event_space;[professional_services,event_planning,venue_and_event_space]
vermouth_bar;[food_and_drink,alcoholic_beverage_venue,bar,vermouth_bar]
veterans_hospital;[health_care,hospital,specialty_hospital,veterans_hospital]
veterans_organization;[arts_and_entertainment,social_club,veterans_organization]
veterinarian;[lifestyle_services,animal_or_pet_service,veterinary_care,veterinarian]
veterinary_care;[lifestyle_services,animal_or_pet_service,veterinary_care]
veterinary_school;[education,place_of_learning,college_university,medical_sciences_school,veterinary_school]
veterinary_schools;[education,college_university,medical_sciences_schools,veterinary_schools]
video_and_video_game_rental;[shopping,specialty_store,books_music_and_video_store,video_and_video_game_rental]
video_and_video_game_rentals;[retail,shopping,books_mags_music_and_video,video_and_video_game_rentals]
video_film_production;[services_and_business,media_service,video_film_production]
video_game_critic;[services_and_business,media_service,media_critic,video_game_critic]
video_game_store;[shopping,specialty_store,books_music_and_video_store,video_game_store]
videographer;[services_and_business,event_or_party_service,videographer]
vietnamese_restaurant;[food_and_drink,restaurant,asian_restaurant,southeast_asian_restaurant,vietnamese_restaurant]
vinyl_record_store;[shopping,specialty_store,books_music_and_video_store,vinyl_record_store]
virtual_reality_center;[arts_and_entertainment,science_attraction,virtual_reality_center]
visa_agent;[travel_and_transportation,travel_service,passport_and_visa_service,visa_agent]
vision_or_eye_care_clinic;[health_care,outpatient_care_facility,vision_or_eye_care_clinic]
visitor_center;[travel_and_transportation,travel_service,visitor_center]
vitamin_and_supplement_store;[shopping,food_and_beverage_store,vitamin_and_supplement_store]
vitamins_and_supplements;[retail,shopping,vitamins_and_supplements]
vocal_coach;[services_and_business,media_service,musical_instrument_service,vocal_coach]
vocational_and_technical_school;[education,place_of_learning,specialty_school,vocational_and_technical_school]
volleyball_club;[sports_and_recreation,sport_or_recreation_club,volleyball_club]
volleyball_court;[sports_and_recreation,sport_or_fitness_facility,sport_court,volleyball_court]
volunteer_association;[community_and_government,social_or_community_service,volunteer_association]
vr_cafe;[arts_and_entertainment,science_attraction,virtual_reality_center,vr_cafe]
waffle_restaurant;[food_and_drink,restaurant,breakfast_and_brunch_restaurant,waffle_restaurant]
waldorf_school;[education,place_of_learning,school,waldorf_school]
walk_in_clinic;[health_care,emergency_or_urgent_care_facility,walk_in_clinic]
walking_tour;[travel_and_transportation,travel_service,tour_operator,walking_tour]
walking_tours;[travel,tours,walking_tours]
wallpaper_installer;[services_and_business,home_service,wallpaper_installer]
wallpaper_installers;[home_service,wallpaper_installers]
wallpaper_store;[shopping,specialty_store,hardware_home_and_garden_store,wallpaper_store]
warehouse;[services_and_business,b2b_service,b2b_transportation_and_storage_service,b2b_storage,warehouse]
warehouse_club_store;[shopping,warehouse_club_store]
warehouse_rental_service_yard;[services_and_business,b2b_service,b2b_transportation_and_storage_service,b2b_storage,warehouse_rental_service_yard]
warehouse_rental_services_and_yards;[business_to_business,business_storage_and_transportation,b2b_storage_and_warehouses,warehouse_rental_services_and_yards]
warehouses;[business_to_business,business_storage_and_transportation,b2b_storage_and_warehouses,warehouses]
washer_and_dryer_repair_service;[services_and_business,home_service,washer_and_dryer_repair_service]
watch_repair_service;[services_and_business,technical_service,watch_repair_service]
watch_store;[shopping,fashion_and_apparel_store,jewelry_store,watch_store]
water_delivery;[services_and_business,home_service,water_delivery]
water_feature;[geographic_entities,water_feature]
water_heater_installation_repair;[services_and_business,home_service,water_heater_installation_repair]
water_park;[sports_and_recreation,park,water_park]
water_purification_service;[services_and_business,home_service,water_purification_service]
water_purification_services;[home_service,water_purification_services]
water_softening_equipment_supplier;[services_and_business,b2b_service,supplier_or_distributor,water_softening_equipment_supplier]
water_sport;[sports_and_recreation,sport_or_fitness_facility,water_sport]
water_store;[shopping,food_and_beverage_store,water_store]
water_supplier;[professional_services,utility_service,water_supplier]
water_taxi_service;[travel_and_transportation,water_transport_facility_or_service,water_taxi_service]
water_transport_facility_or_service;[travel_and_transportation,water_transport_facility_or_service]
water_treatment_equipment_and_services;[business_to_business,business_to_business_services,environmental_and_ecological_services_for_businesses,b2b_cleaning_and_waste_management,water_treatment_equipment_and_services]
water_utility_provider;[community_and_government,public_utility,water_utility_provider]
waterfall;[geographic_entities,water_feature,waterfall]
waterproofing;[services_and_business,home_service,waterproofing]
waxing;[lifestyle_services,personal_or_beauty_service,hair_removal,waxing]
weather_forecast_service;[services_and_business,media_service,media_news_company,weather_forecast_service]
weather_forecast_services;[mass_media,media_news_company,weather_forecast_services]
weather_station;[services_and_business,media_service,weather_station]
weaving_mill;[services_and_business,b2b_service,manufacturer,mill,weaving_mill]
web_designer;[services_and_business,design_service,web_designer]
web_hosting_service;[services_and_business,technical_service,internet_service_provider,web_hosting_service]
wedding_chapel;[services_and_business,event_or_party_service,wedding_chapel]
wedding_planning;[services_and_business,event_or_party_service,wedding_planning]
weight_loss_center;[lifestyle_services,wellness_service,weight_loss_center]
weir;[geographic_entities,built_feature,dam,weir]
welder;[services_and_business,building_or_construction_service,welder]
welders;[professional_services,construction_services,metal_materials_and_experts,welders]
welding_supply_store;[shopping,specialty_store,hardware_home_and_garden_store,hardware_store,welding_supply_store]
well_drilling;[services_and_business,home_service,well_drilling]
wellness_service;[lifestyle_services,wellness_service]
welsh_restaurant;[food_and_drink,restaurant,european_restaurant,western_european_restaurant,welsh_restaurant]
west_african_restaurant;[food_and_drink,restaurant,african_restaurant,west_african_restaurant]
western_catholic_place_of_worship;[cultural_and_historic,place_of_worship,christian_place_of_worship,roman_catholic_place_of_worship,western_catholic_place_of_worship]
western_european_restaurant;[food_and_drink,restaurant,european_restaurant,western_european_restaurant]
whale_watching_tour;[travel_and_transportation,travel_service,tour_operator,whale_watching_tour]
whale_watching_tours;[travel,tours,whale_watching_tours]
wheel_and_rim_repair;[travel_and_transportation,vehicle_service,automotive_service,automotive_repair,wheel_and_rim_repair]
whiskey_bar;[food_and_drink,alcoholic_beverage_venue,bar,whiskey_bar]
wholesale_florist;[services_and_business,b2b_service,wholesaler,wholesale_florist]
wholesale_grocer;[services_and_business,b2b_service,wholesaler,wholesale_grocer]
wholesaler;[services_and_business,b2b_service,wholesaler]
wig_hairpiece_service;[lifestyle_services,personal_or_beauty_service,hair_replacement,wig_hairpiece_service]
wig_store;[shopping,specialty_store,personal_care_and_beauty_store,beauty_supply_store,wig_store]
wild_game_meats_restaurant;[food_and_drink,restaurant,meat_restaurant,wild_game_meats_restaurant]
wildlife_control;[services_and_business,environmental_or_ecological_service,wildlife_control]
wildlife_hunting_range;[sports_and_recreation,sport_or_fitness_facility,wildlife_hunting_range]
wildlife_sanctuary;[arts_and_entertainment,animal_attraction,wildlife_sanctuary]
wills_trusts_and_probate;[services_and_business,legal_service,attorney_or_law_firm,wills_trusts_and_probate]
wind_energy;[services_and_business,utility_energy_infrastructure,wind_energy]
window_supplier;[services_and_business,b2b_service,supplier_or_distributor,window_supplier]
window_treatment_store;[shopping,specialty_store,hardware_home_and_garden_store,window_treatment_store]
window_washing;[services_and_business,home_service,window_washing]
windows_installation;[services_and_business,home_service,windows_installation]
windshield_installation_and_repair;[travel_and_transportation,vehicle_service,automotive_service,auto_glass_service,windshield_installation_and_repair]
windsurfing_center;[sports_and_recreation,sport_or_fitness_facility,water_sport,surfing,windsurfing_center]
wine_bar;[food_and_drink,alcoholic_beverage_venue,bar,wine_bar]
wine_tasting_class;[education,place_of_learning,class_venue,tasting_class,wine_tasting_class]
wine_tasting_classes;[education,tasting_classes,wine_tasting_classes]
wine_tasting_room;[food_and_drink,alcoholic_beverage_venue,winery,wine_tasting_room]
wine_tour;[travel_and_transportation,travel_service,tour_operator,wine_tour]
wine_tours;[travel,tours,wine_tours]
wine_wholesaler;[services_and_business,b2b_service,wholesaler,wine_wholesaler]
winery;[food_and_drink,alcoholic_beverage_venue,winery]
wok_restaurant;[food_and_drink,restaurant,asian_restaurant,wok_restaurant]
women's_health_clinic;[health_and_medical,women's_health_clinic]
womens_clothing_store;[shopping,fashion_and_apparel_store,clothing_store,womens_clothing_store]
woodworking_supply_store;[shopping,specialty_store,hardware_home_and_garden_store,woodworking_supply_store]
workers_compensation_law;[services_and_business,legal_service,attorney_or_law_firm,workers_compensation_law]
wrap_restaurant;[food_and_drink,restaurant,wrap_restaurant]
writing_service;[services_and_business,professional_service,writing_service]
xinjiang_restaurant;[food_and_drink,restaurant,asian_restaurant,east_asian_restaurant,chinese_restaurant,xinjiang_restaurant]
yemenite_restaurant;[food_and_drink,restaurant,middle_eastern_restaurant,yemenite_restaurant]
yoga_instructor;[active_life,sports_and_fitness_instruction,yoga_instructor]
yoga_studio;[sports_and_recreation,sport_or_fitness_facility,fitness_studio,yoga_studio]
youth_organization;[community_and_government,social_or_community_service,youth_organization]
youth_organizations;[public_service_and_government,organization,social_service_organizations,youth_organizations]
zen_buddhist_place_of_worship;[cultural_and_historic,place_of_worship,buddhist_place_of_worship,mahayana_buddhist_place_of_worship,zen_buddhist_place_of_worship]
zen_center;[cultural_and_historic,religious_retreat_or_center,zen_center]
ziplining_center;[sports_and_recreation,sport_or_fitness_facility,adventure_sport,ziplining_center]
zoo;[arts_and_entertainment,animal_attraction,zoo]
zoo_exhibit;[arts_and_entertainment,animal_attraction,zoo,zoo_exhibit]
zorbing_center;[active_life,sports_and_recreation_venue,zorbing_center]
